race_date,venue,race_no,race_name,distance,surface,direction,track_cond,weather,field_size,waku,horse_no,horse_name,sex,age,weight_carried,horse_weight,weight_change,jockey,trainer,win_odds,finish_position,finish_time,last_3f,passage_rate,popularity,result_weight,result_weight_change
2025/01/01,名古屋,1,Ｃ３２組,1400,ダ,右,良,晴,11,8,11,ロマンスヒコー,牡,4,54.0,477,7,宮下瞳,竹下直,,1,1:32.7,39.7,2-2-2-2,2,477,7
2025/01/01,名古屋,1,Ｃ３２組,1400,ダ,右,良,晴,11,5,5,ピッケレジーナ,牝,4,54.0,478,-7,細川智,沖田明,,2,1:33.2,39.8,3-6-5-3,3,478,-7
2025/01/01,名古屋,1,Ｃ３２組,1400,ダ,右,良,晴,11,6,7,リコークルセーダー,牝,4,54.0,401,1,今井貴,地辺幸,,3,1:33.3,40.4,1-1-1-1,1,401,1
2025/01/01,名古屋,1,Ｃ３２組,1400,ダ,右,良,晴,11,7,9,ロバストネス,牡,4,56.0,531,1,丸野勝,藤ケ人,,4,1:34.1,40.9,6-4-4-4,5,531,1
2025/01/01,名古屋,1,Ｃ３２組,1400,ダ,右,良,晴,11,6,6,フィーユポワソン,牝,5,54.0,405,1,村上弘,榎屋充,,5,1:34.3,39.7,9-10-10-8,7,405,1
2025/01/01,名古屋,1,Ｃ３２組,1400,ダ,右,良,晴,11,8,10,ポーラスター,牡,4,54.0,497,-2,木之葵,荒巻透,,6,1:34.7,40.9,10-9-8-7,4,497,-2
2025/01/01,名古屋,1,Ｃ３２組,1400,ダ,右,良,晴,11,7,8,ライオンズマーチ,牝,4,54.0,444,-2,阪野学,倉地学,,7,1:35.6,42.4,4-3-3-6,9,444,-2
2025/01/01,名古屋,1,Ｃ３２組,1400,ダ,右,良,晴,11,1,1,ヤマジョーカ,牡,4,56.0,468,10,丹羽克,錦見勇,,8,1:35.6,42.1,5-5-6-5,8,468,10
2025/01/01,名古屋,1,Ｃ３２組,1400,ダ,右,良,晴,11,3,3,ポンドレイディ,牝,4,54.0,425,-1,加藤聡,宮本仁,,9,1:36.9,43.1,7-8-7-9,6,425,-1
2025/01/01,名古屋,1,Ｃ３２組,1400,ダ,右,良,晴,11,4,4,アービトレーション,牝,5,54.0,457,-2,加藤利,錦見勇,,10,1:37.0,43.0,8-7-9-10,10,457,-2
2025/01/01,名古屋,1,Ｃ３２組,1400,ダ,右,良,晴,11,2,2,カツゲキツチノエネ,牝,6,53.0,461,-3,望月洵,錦見勇,,,,,,,461,-3
2025/01/01,名古屋,2,Ｃ３１組,1500,ダ,右,良,晴,11,1,1,ノリサンブラック,牡,4,56.0,464,20,岡部誠,角田輝,,1,1:37.5,39.1,5-3-3-1,1,464,20
2025/01/01,名古屋,2,Ｃ３１組,1500,ダ,右,良,晴,11,7,9,ルージュロンド,牝,4,54.0,508,1,塚本征,坂口義,,2,1:38.3,39.8,3-4-4-4,2,508,1
2025/01/01,名古屋,2,Ｃ３１組,1500,ダ,右,良,晴,11,5,5,ウエスタンダンテ,牡,4,56.0,435,2,細川智,角田輝,,3,1:38.5,40.1,2-2-2-3,6,435,2
2025/01/01,名古屋,2,Ｃ３１組,1500,ダ,右,良,晴,11,4,4,ニシノマツリ,牡,4,54.0,503,5,宮下瞳,宇都英,,4,1:39.0,40.1,10-8-8-5,4,503,5
2025/01/01,名古屋,2,Ｃ３１組,1500,ダ,右,良,晴,11,2,2,レオハートビート,牡,4,56.0,463,-1,大畑雅,今津博,,5,1:39.1,40.5,7-6-6-6,3,463,-1
2025/01/01,名古屋,2,Ｃ３１組,1500,ダ,右,良,晴,11,3,3,ニシノココ,牝,4,54.0,455,-1,阪野学,倉地学,,6,1:39.1,40.9,1-1-1-2,10,455,-1
2025/01/01,名古屋,2,Ｃ３１組,1500,ダ,右,良,晴,11,6,6,カイブルーノ,牡,4,56.0,450,0,大畑慧,本名信,,7,1:39.1,40.1,8-9-9-7,7,450,0
2025/01/01,名古屋,2,Ｃ３１組,1500,ダ,右,良,晴,11,6,7,ソーラーシステム,牡,4,56.0,502,6,丸野勝,井手慎,,8,1:39.4,40.8,4-5-5-8,5,502,6
2025/01/01,名古屋,2,Ｃ３１組,1500,ダ,右,良,晴,11,8,10,シカンスイヨウ,牝,4,53.0,478,-5,望月洵,瀬戸悟,,9,1:40.4,41.7,6-7-7-9,8,478,-5
2025/01/01,名古屋,2,Ｃ３１組,1500,ダ,右,良,晴,11,8,11,サンマルキングダム,牡,4,56.0,517,-10,村上弘,瀬戸悟,,10,1:41.0,41.2,9-11-10-10,9,517,-10
2025/01/01,名古屋,2,Ｃ３１組,1500,ダ,右,良,晴,11,7,8,パルパルマジック,牝,9,54.0,426,-1,丹羽克,錦見勇,,11,1:43.4,43.2,11-10-11-11,11,426,-1
2025/01/01,名古屋,3,Ｃ３０組,1500,ダ,右,良,晴,11,2,2,クィーンミツコ,牝,4,54.0,486,-1,塚本征,井手慎,,1,1:39.4,40.1,3-3-3-2,1,486,-1
2025/01/01,名古屋,3,Ｃ３０組,1500,ダ,右,良,晴,11,1,1,キタノアイヴォリー,牝,4,54.0,454,5,大畑雅,榎屋充,,2,1:39.5,40.0,5-5-6-5,2,454,5
2025/01/01,名古屋,3,Ｃ３０組,1500,ダ,右,良,晴,11,6,7,マイネルボレロ,牡,8,56.0,510,-4,横井将,錦見勇,,3,1:39.6,40.6,1-1-1-1,4,510,-4
2025/01/01,名古屋,3,Ｃ３０組,1500,ダ,右,良,晴,11,7,9,アノヒノアヤマチ,牝,4,54.0,435,6,阪野学,坂口義,,4,1:39.6,40.2,6-6-5-4,3,435,6
2025/01/01,名古屋,3,Ｃ３０組,1500,ダ,右,良,晴,11,7,8,カンバセーショナル,牝,4,54.0,397,-3,加藤利,塚田隆,,5,1:40.0,40.0,8-9-10-3,8,397,-3
2025/01/01,名古屋,3,Ｃ３０組,1500,ダ,右,良,晴,11,6,6,メイショウアユカゼ,牝,4,52.0,378,-2,木之葵,榎屋充,,6,1:40.7,40.8,7-8-9-7,5,378,-2
2025/01/01,名古屋,3,Ｃ３０組,1500,ダ,右,良,晴,11,8,11,ミストーザイ,牝,6,54.0,411,-1,丹羽克,錦見勇,,7,1:41.0,41.7,4-4-4-6,10,411,-1
2025/01/01,名古屋,3,Ｃ３０組,1500,ダ,右,良,晴,11,5,5,アフロマン,牡,4,56.0,404,1,大畑慧,竹下太,,8,1:41.2,41.4,10-7-7-8,7,404,1
2025/01/01,名古屋,3,Ｃ３０組,1500,ダ,右,良,晴,11,3,3,ホーリーウェル,牝,6,54.0,393,6,加藤誓,沖田明,,9,1:41.4,41.5,11-11-8-10,11,393,6
2025/01/01,名古屋,3,Ｃ３０組,1500,ダ,右,良,晴,11,8,10,エイシンウクラン,牝,6,54.0,377,1,細川智,井上哲,,10,1:41.5,41.4,9-10-11-11,9,377,1
2025/01/01,名古屋,3,Ｃ３０組,1500,ダ,右,良,晴,11,4,4,メイクスマイル,牝,6,53.0,412,3,望月洵,井上哲,,11,1:42.2,43.0,2-2-2-9,6,412,3
2025/01/01,名古屋,4,Ｃ２９組,1500,ダ,右,良,晴,11,8,10,シャイニングウェイ,牝,4,54.0,453,0,阪野学,塚田隆,,1,1:38.6,38.7,6-6-6-3,4,453,0
2025/01/01,名古屋,4,Ｃ２９組,1500,ダ,右,良,晴,11,7,9,ジーティーウィンズ,牡,4,56.0,479,0,山田祥,今津勝,,2,1:38.8,39.2,2-2-2-1,2,479,0
2025/01/01,名古屋,4,Ｃ２９組,1500,ダ,右,良,晴,11,7,8,ココロオドル,牝,4,53.0,460,0,望月洵,榎屋充,,3,1:39.0,38.8,7-8-7-7,5,460,0
2025/01/01,名古屋,4,Ｃ２９組,1500,ダ,右,良,晴,11,8,11,レディマジェスティ,牝,4,52.0,428,-3,宮下瞳,竹下太,,4,1:39.0,39.3,3-3-3-2,10,428,-3
2025/01/01,名古屋,4,Ｃ２９組,1500,ダ,右,良,晴,11,4,4,ブギーナイツ,牝,4,54.0,446,-18,加藤聡,榎屋充,,5,1:39.2,39.5,4-4-4-4,1,446,-18
2025/01/01,名古屋,4,Ｃ２９組,1500,ダ,右,良,晴,11,6,6,オジョウ,牝,4,54.0,439,-1,横井将,宇都英,,6,1:39.9,40.0,5-5-5-6,11,439,-1
2025/01/01,名古屋,4,Ｃ２９組,1500,ダ,右,良,晴,11,1,1,レドンホール,牝,4,54.0,461,-7,友森翔,迫田清,,7,1:40.6,41.1,1-1-1-5,7,461,-7
2025/01/01,名古屋,4,Ｃ２９組,1500,ダ,右,良,晴,11,5,5,ダイボサツトウゲ,牡,4,56.0,461,-5,丸野勝,成田明,,8,1:41.1,40.4,9-10-10-9,8,461,-5
2025/01/01,名古屋,4,Ｃ２９組,1500,ダ,右,良,晴,11,6,7,ヴィーナスウインズ,牝,4,52.0,403,1,木之葵,植松則,,9,1:41.6,41.2,10-9-9-8,9,403,1
2025/01/01,名古屋,4,Ｃ２９組,1500,ダ,右,良,晴,11,2,2,リックルイコン,牝,4,54.0,460,-5,塚本征,櫻井今,,10,1:41.7,41.0,11-11-11-10,6,460,-5
2025/01/01,名古屋,4,Ｃ２９組,1500,ダ,右,良,晴,11,3,3,ダイキリ,セ,0,56.0,507,12,村上弘,榎屋充,,11,1:43.0,42.6,8-7-8-11,3,507,12
2025/01/01,名古屋,5,Ｃ２８組,1500,ダ,右,良,晴,11,4,4,ポラライズ,牡,4,56.0,482,9,山田祥,今津勝,,1,1:38.5,40.4,1-1-1-1,2,482,9
2025/01/01,名古屋,5,Ｃ２８組,1500,ダ,右,良,晴,11,8,11,タマモルピナス,牝,4,54.0,461,0,加藤聡,原口次,,2,1:38.9,40.7,2-2-2-2,4,461,0
2025/01/01,名古屋,5,Ｃ２８組,1500,ダ,右,良,晴,11,7,9,ノーマンズランド,牝,4,54.0,447,1,大畑雅,井手慎,,3,1:39.4,40.9,6-5-4-3,1,447,1
2025/01/01,名古屋,5,Ｃ２８組,1500,ダ,右,良,晴,11,6,7,ビクトリーフォース,牡,4,54.0,504,3,宮下瞳,原口次,,4,1:39.9,40.9,5-6-6-4,5,504,3
2025/01/01,名古屋,5,Ｃ２８組,1500,ダ,右,良,晴,11,5,5,フッカツノコロアイ,牝,4,54.0,428,-3,友森翔,植松則,,5,1:39.9,40.6,7-9-7-7,10,428,-3
2025/01/01,名古屋,5,Ｃ２８組,1500,ダ,右,良,晴,11,6,6,サブリナワルツ,牝,4,54.0,454,-5,今井貴,安部幸,,6,1:40.1,41.7,3-3-3-5,8,454,-5
2025/01/01,名古屋,5,Ｃ２８組,1500,ダ,右,良,晴,11,7,8,サブノセレブ,牝,4,54.0,527,-4,細川智,榎屋充,,7,1:40.3,40.9,8-7-8-8,7,527,-4
2025/01/01,名古屋,5,Ｃ２８組,1500,ダ,右,良,晴,11,1,1,ハクサンダフネ,牝,4,54.0,466,2,阪野学,坂口義,,8,1:40.4,40.9,10-11-9-9,9,466,2
2025/01/01,名古屋,5,Ｃ２８組,1500,ダ,右,良,晴,11,8,10,アストーレティアラ,牝,4,54.0,487,0,加藤利,沖田明,,9,1:40.5,41.9,4-4-5-6,3,487,0
2025/01/01,名古屋,5,Ｃ２８組,1500,ダ,右,良,晴,11,3,3,クロスロード,牝,9,54.0,471,-1,大畑慧,井上哲,,10,1:41.2,41.6,9-8-10-10,11,471,-1
2025/01/01,名古屋,5,Ｃ２８組,1500,ダ,右,良,晴,11,2,2,ヴァンショー,牝,4,52.0,480,3,木之葵,植松則,,11,1:41.2,40.8,11-10-11-11,6,480,3
2025/01/01,名古屋,6,Ｃ２７組,1500,ダ,右,良,晴,11,3,3,アンセムバローズ,牡,4,56.0,495,2,村上弘,安部幸,,1,1:38.4,39.4,4-3-3-2,1,495,2
2025/01/01,名古屋,6,Ｃ２７組,1500,ダ,右,良,晴,11,8,11,マンチェスター,牡,4,56.0,472,11,細川智,榎屋充,,2,1:39.0,40.0,6-6-5-5,2,472,11
2025/01/01,名古屋,6,Ｃ２７組,1500,ダ,右,良,晴,11,7,9,グラスチアー,牝,4,52.0,463,0,宮下瞳,竹下太,,3,1:39.0,39.9,5-5-6-4,4,463,0
2025/01/01,名古屋,6,Ｃ２７組,1500,ダ,右,良,晴,11,1,1,ミリオンジェンヌ,牝,4,54.0,477,-3,阪野学,荒巻透,,4,1:39.1,39.2,10-10-10-7,5,477,-3
2025/01/01,名古屋,6,Ｃ２７組,1500,ダ,右,良,晴,11,6,6,メイショウコフデ,牝,4,54.0,442,-6,加藤利,錦見勇,,5,1:39.2,40.7,1-1-1-1,7,442,-6
2025/01/01,名古屋,6,Ｃ２７組,1500,ダ,右,良,晴,11,2,2,リーゼントキャロル,牝,4,54.0,464,-2,丸野勝,角田輝,,6,1:39.3,39.8,7-7-7-6,3,464,-2
2025/01/01,名古屋,6,Ｃ２７組,1500,ダ,右,良,晴,11,7,8,ソルセルリ,牝,4,54.0,425,16,山田祥,沖田明,,7,1:39.9,41.0,2-2-2-3,6,425,16
2025/01/01,名古屋,6,Ｃ２７組,1500,ダ,右,良,晴,11,5,5,オーブラボー,牡,4,56.0,458,0,柿原翔,藤ケ男,,8,1:40.3,40.6,9-9-8-9,8,458,0
2025/01/01,名古屋,6,Ｃ２７組,1500,ダ,右,良,晴,11,6,7,キンコンテーラー,牝,4,52.0,432,-1,木之葵,安部幸,,9,1:40.4,40.6,8-8-9-10,10,432,-1
2025/01/01,名古屋,6,Ｃ２７組,1500,ダ,右,良,晴,11,8,10,クールフレア,牝,5,54.0,470,0,大畑雅,錦見勇,,10,1:40.5,41.5,3-4-4-7,9,470,0
2025/01/01,名古屋,6,Ｃ２７組,1500,ダ,右,良,晴,11,4,4,アメリカンミューズ,牝,4,54.0,0,0,加藤聡,原口次,,,,,,,0,0
2025/01/01,名古屋,7,Ｃ２６組,1500,ダ,右,良,晴,11,2,2,ジャグラー,牡,4,56.0,473,-1,村上弘,角田輝,,1,1:37.9,39.5,7-6-6-2,1,473,-1
2025/01/01,名古屋,7,Ｃ２６組,1500,ダ,右,良,晴,11,1,1,キタノローマン,牝,4,53.0,428,-1,望月洵,戸部尚,,2,1:37.9,39.9,5-3-3-3,4,428,-1
2025/01/01,名古屋,7,Ｃ２６組,1500,ダ,右,良,晴,11,6,6,マドモアゼルハポン,牝,4,54.0,428,-3,大畑雅,今津勝,,3,1:38.6,40.8,1-1-1-1,3,428,-3
2025/01/01,名古屋,7,Ｃ２６組,1500,ダ,右,良,晴,11,4,4,グランドフューチャ,牡,4,56.0,474,1,塚本征,井手慎,,4,1:38.8,40.0,9-9-9-4,9,474,1
2025/01/01,名古屋,7,Ｃ２６組,1500,ダ,右,良,晴,11,7,9,ベビーヨーダ,牝,4,54.0,454,0,今井貴,竹下太,,5,1:38.8,40.0,6-7-8-6,6,454,0
2025/01/01,名古屋,7,Ｃ２６組,1500,ダ,右,良,晴,11,7,8,ミランダアスール,牝,4,54.0,412,-1,丹羽克,竹下直,,6,1:39.0,40.6,8-8-7-7,7,412,-1
2025/01/01,名古屋,7,Ｃ２６組,1500,ダ,右,良,晴,11,3,3,グランパープル,牡,4,56.0,500,-3,友森翔,原口次,,7,1:39.3,40.3,11-11-10-9,8,500,-3
2025/01/01,名古屋,7,Ｃ２６組,1500,ダ,右,良,晴,11,8,11,ロジスクリーン,牝,4,54.0,414,1,細川智,瀬戸悟,,8,1:39.9,41.7,4-4-4-8,5,414,1
2025/01/01,名古屋,7,Ｃ２６組,1500,ダ,右,良,晴,11,8,10,スマートパナセア,牡,4,56.0,482,3,加藤誓,藤ケ人,,9,1:40.1,42.2,2-2-2-4,11,482,3
2025/01/01,名古屋,7,Ｃ２６組,1500,ダ,右,良,晴,11,5,5,ファンシーカラー,牝,5,52.0,441,-3,宮下瞳,井手慎,,10,1:42.5,42.7,10-10-11-11,10,441,-3
2025/01/01,名古屋,7,Ｃ２６組,1500,ダ,右,良,晴,11,6,7,ミヤジブリヤン,牝,4,54.0,497,-7,加藤聡,川西毅,,,,,3-5-5-10,2,497,-7
2025/01/01,名古屋,8,Ｂ５組,1500,ダ,右,良,晴,11,5,5,ペイシャリルキス,セ,0,55.0,500,-1,望月洵,沖田明,,1,1:36.5,38.0,8-8-7-3,4,500,-1
2025/01/01,名古屋,8,Ｂ５組,1500,ダ,右,良,晴,11,7,8,コパノモンテカルロ,牡,5,56.0,486,3,大畑雅,原口次,,2,1:37.0,38.0,10-10-10-8,5,486,3
2025/01/01,名古屋,8,Ｂ５組,1500,ダ,右,良,晴,11,8,10,ゴラッソゴール,牡,8,56.0,476,1,加藤利,錦見勇,,3,1:37.1,38.9,6-6-6-6,8,476,1
2025/01/01,名古屋,8,Ｂ５組,1500,ダ,右,良,晴,11,1,1,オウケンボス,牡,4,56.0,523,-5,今井貴,竹下直,,4,1:37.5,39.5,4-4-3-1,1,523,-5
2025/01/01,名古屋,8,Ｂ５組,1500,ダ,右,良,晴,11,7,9,グランキューブ,牡,5,56.0,483,-1,細川智,植松則,,5,1:37.5,39.0,9-9-8-10,10,483,-1
2025/01/01,名古屋,8,Ｂ５組,1500,ダ,右,良,晴,11,3,3,トーホウランボ,牝,5,54.0,430,3,友森翔,原口次,,6,1:37.7,39.8,1-1-1-2,3,430,3
2025/01/01,名古屋,8,Ｂ５組,1500,ダ,右,良,晴,11,4,4,イロゴノミ,牡,5,56.0,475,0,村上弘,坂口義,,7,1:37.7,39.2,7-7-9-8,7,475,0
2025/01/01,名古屋,8,Ｂ５組,1500,ダ,右,良,晴,11,6,6,ストレンジャー,牡,4,56.0,450,2,丹羽克,錦見勇,,8,1:37.8,39.6,5-5-5-4,9,450,2
2025/01/01,名古屋,8,Ｂ５組,1500,ダ,右,良,晴,11,8,11,セセラギ,牝,5,54.0,410,0,大畑慧,井上哲,,9,1:38.0,39.9,3-3-4-7,6,410,0
2025/01/01,名古屋,8,Ｂ５組,1500,ダ,右,良,晴,11,6,7,アイリスバローズ,牝,5,54.0,477,3,加藤聡,川西毅,,10,1:38.7,40.8,2-2-2-5,2,477,3
2025/01/01,名古屋,8,Ｂ５組,1500,ダ,右,良,晴,11,2,2,ミッシーコルザ,牝,8,54.0,430,10,塚本征,櫻井今,,11,1:39.6,39.4,11-11-11-11,11,430,10
2025/01/01,名古屋,9,Ｂ４組,1700,ダ,右,良,晴,11,8,10,ハクサンミニョン,牝,5,54.0,461,6,加藤聡,坂口義,,1,1:50.7,37.4,2-2-2-1,1,461,6
2025/01/01,名古屋,9,Ｂ４組,1700,ダ,右,良,晴,11,4,4,ディアモミノル,牡,4,56.0,521,2,今井貴,竹下太,,2,1:51.1,37.6,5-5-3-3,2,521,2
2025/01/01,名古屋,9,Ｂ４組,1700,ダ,右,良,晴,11,7,8,ボイラーメーカー,牡,4,56.0,523,5,岡部誠,藤ケ人,,3,1:51.5,38.3,1-1-1-2,3,523,5
2025/01/01,名古屋,9,Ｂ４組,1700,ダ,右,良,晴,11,2,2,ビクトリーサイト,牡,7,56.0,500,-1,村上弘,榎屋充,,4,1:51.9,37.5,9-9-10-5,4,500,-1
2025/01/01,名古屋,9,Ｂ４組,1700,ダ,右,良,晴,11,7,9,エルーシア,牝,5,52.0,478,-3,木之葵,榎屋充,,5,1:52.2,38.1,7-7-6-6,10,478,-3
2025/01/01,名古屋,9,Ｂ４組,1700,ダ,右,良,晴,11,1,1,セレッソサンライズ,牝,5,54.0,425,0,丹羽克,櫻井今,,6,1:52.6,39.0,4-4-5-4,9,425,0
2025/01/01,名古屋,9,Ｂ４組,1700,ダ,右,良,晴,11,8,11,グレイウェザーズ,牝,5,54.0,440,-8,友森翔,塚田隆,,7,1:52.7,38.4,6-8-8-8,7,440,-8
2025/01/01,名古屋,9,Ｂ４組,1700,ダ,右,良,晴,11,5,5,ジェイエルブリッジ,牡,7,54.0,501,1,宮下瞳,宮本仁,,8,1:53.4,39.0,10-10-9-10,8,501,1
2025/01/01,名古屋,9,Ｂ４組,1700,ダ,右,良,晴,11,6,7,シャローム,牝,4,54.0,480,3,塚本征,角田輝,,9,1:53.5,38.8,11-11-11-11,5,480,3
2025/01/01,名古屋,9,Ｂ４組,1700,ダ,右,良,晴,11,6,6,エンパス,牝,4,53.0,443,-5,望月洵,坂口義,,10,1:53.5,40.0,3-3-4-7,6,443,-5
2025/01/01,名古屋,9,Ｂ４組,1700,ダ,右,良,晴,11,3,3,エストレリータ,牝,5,54.0,448,7,阪野学,櫻井今,,11,1:54.1,39.8,8-6-7-9,11,448,7
2025/01/01,名古屋,10,初日の出賞Ｂ３,1500,ダ,右,良,晴,11,6,7,ソーラレイ,牡,4,56.0,468,2,塚本征,塚田隆,,1,1:36.2,37.8,2-2-2-2,1,468,2
2025/01/01,名古屋,10,初日の出賞Ｂ３,1500,ダ,右,良,晴,11,6,6,ビッグベッター,牡,6,56.0,455,4,岡部誠,井手慎,,2,1:36.4,38.1,1-1-1-1,5,455,4
2025/01/01,名古屋,10,初日の出賞Ｂ３,1500,ダ,右,良,晴,11,1,1,リョウライライ,牡,5,56.0,510,-1,今井貴,竹下直,,3,1:36.9,37.8,9-8-5-4,2,510,-1
2025/01/01,名古屋,10,初日の出賞Ｂ３,1500,ダ,右,良,晴,11,3,3,ハナキリ,牡,6,56.0,494,-3,丸野勝,安部幸,,4,1:36.9,38.0,3-3-3-3,4,494,-3
2025/01/01,名古屋,10,初日の出賞Ｂ３,1500,ダ,右,良,晴,11,5,5,クインザヒーロー,牡,12,56.0,493,4,大畑慧,迫田清,,5,1:37.3,38.0,5-5-7-7,8,493,4
2025/01/01,名古屋,10,初日の出賞Ｂ３,1500,ダ,右,良,晴,11,2,2,タマモモンレーブ,牡,6,56.0,492,-1,村上弘,坂口義,,6,1:37.4,38.2,7-6-6-5,6,492,-1
2025/01/01,名古屋,10,初日の出賞Ｂ３,1500,ダ,右,良,晴,11,7,9,インフォーマント,牡,7,56.0,477,5,山田祥,地辺幸,,7,1:37.6,38.0,8-9-10-10,9,477,5
2025/01/01,名古屋,10,初日の出賞Ｂ３,1500,ダ,右,良,晴,11,8,11,ピューリファイ,牡,6,56.0,454,-4,大畑雅,井手慎,,8,1:37.8,38.3,6-7-9-9,10,454,-4
2025/01/01,名古屋,10,初日の出賞Ｂ３,1500,ダ,右,良,晴,11,8,10,ハイグッドエース,牡,6,55.0,447,1,望月洵,井上哲,,9,1:37.8,38.8,4-4-4-8,7,447,1
2025/01/01,名古屋,10,初日の出賞Ｂ３,1500,ダ,右,良,晴,11,4,4,エガオニナッテ,牝,4,54.0,447,-7,加藤聡,原口次,,10,1:38.5,39.1,10-10-8-6,3,447,-7
2025/01/01,名古屋,10,初日の出賞Ｂ３,1500,ダ,右,良,晴,11,7,8,アナハ,牝,8,52.0,398,-22,木之葵,植松則,,11,1:58.9,53.6,11-11-11-11,11,398,-22
2025/01/01,名古屋,11,弥富記念３歳オープン,1500,ダ,右,良,晴,12,2,2,アップショウグン,牡,3,56.0,470,0,塚本征,塚田隆,,1,1:35.6,37.5,9-8-4-2,1,470,0
2025/01/01,名古屋,11,弥富記念３歳オープン,1500,ダ,右,良,晴,12,1,1,テルケンレンシャチ,牡,3,56.0,488,2,望月洵,今津勝,,2,1:36.4,38.4,2-3-3-1,3,488,2
2025/01/01,名古屋,11,弥富記念３歳オープン,1500,ダ,右,良,晴,12,8,11,カワテンティアラ,牝,3,54.0,480,-2,岡部誠,角田輝,,3,1:37.0,39.1,1-1-1-3,2,480,-2
2025/01/01,名古屋,11,弥富記念３歳オープン,1500,ダ,右,良,晴,12,6,8,セイスカーレット,牝,3,54.0,434,0,丸野勝,安部幸,,4,1:37.1,38.3,12-10-8-5,5,434,0
2025/01/01,名古屋,11,弥富記念３歳オープン,1500,ダ,右,良,晴,12,8,12,スイッチブレード,牡,3,56.0,520,-6,今井貴,川西毅,,5,1:37.1,39.1,3-4-2-4,4,520,-6
2025/01/01,名古屋,11,弥富記念３歳オープン,1500,ダ,右,良,晴,12,7,10,ナンゴクジャックス,牡,3,56.0,503,3,大畑慧,倉地学,,6,1:37.6,39.1,6-7-7-7,12,503,3
2025/01/01,名古屋,11,弥富記念３歳オープン,1500,ダ,右,良,晴,12,5,5,メテオジュリア,牝,3,54.0,446,2,宮下瞳,宇都英,,7,1:38.3,40.1,5-5-5-6,6,446,2
2025/01/01,名古屋,11,弥富記念３歳オープン,1500,ダ,右,良,晴,12,5,6,タミーノーラ,牡,3,56.0,479,5,加藤聡,藤ケ人,,8,1:38.4,40.0,4-2-6-7,9,479,5
2025/01/01,名古屋,11,弥富記念３歳オープン,1500,ダ,右,良,晴,12,6,7,アーキハッカー,牡,3,56.0,460,1,細川智,藤ケ男,,9,1:38.5,39.4,8-9-10-10,8,460,1
2025/01/01,名古屋,11,弥富記念３歳オープン,1500,ダ,右,良,晴,12,7,9,テレヴァカ,牝,3,54.0,441,4,村上弘,竹下直,,10,1:38.7,39.9,7-6-9-9,7,441,4
2025/01/01,名古屋,11,弥富記念３歳オープン,1500,ダ,右,良,晴,12,3,3,ライメイ,牡,3,56.0,442,0,阪野学,井上哲,,11,1:39.7,40.1,11-11-11-12,11,442,0
2025/01/01,名古屋,11,弥富記念３歳オープン,1500,ダ,右,良,晴,12,4,4,ビックコック,牡,3,56.0,497,2,大畑雅,安部幸,,12,1:39.9,40.2,10-12-12-11,10,497,2
2025/01/01,名古屋,12,お年玉特別Ａ８,1500,ダ,右,良,晴,11,6,7,エコロエース,牡,6,56.0,502,-4,友森翔,榎屋充,,1,1:36.2,37.9,1-1-2-2,1,502,-4
2025/01/01,名古屋,12,お年玉特別Ａ８,1500,ダ,右,良,晴,11,1,1,レガーミ,牝,6,54.0,516,7,塚本征,迫田清,,2,1:36.7,38.5,4-2-1-1,2,516,7
2025/01/01,名古屋,12,お年玉特別Ａ８,1500,ダ,右,良,晴,11,4,4,レッツプロミス,牝,5,54.0,440,-3,今井貴,藤ケ男,,3,1:36.8,37.2,11-11-11-5,4,440,-3
2025/01/01,名古屋,12,お年玉特別Ａ８,1500,ダ,右,良,晴,11,2,2,クールファイブ,牡,7,56.0,502,1,大畑慧,今津勝,,4,1:36.8,37.7,10-9-8-3,7,502,1
2025/01/01,名古屋,12,お年玉特別Ａ８,1500,ダ,右,良,晴,11,7,8,オンワードセルフ,牡,9,54.0,512,2,宮下瞳,宮本仁,,5,1:37.2,38.3,6-6-6-5,6,512,2
2025/01/01,名古屋,12,お年玉特別Ａ８,1500,ダ,右,良,晴,11,5,5,イントゥザファイア,牡,5,56.0,485,5,丸野勝,角田輝,,6,1:37.7,38.2,9-10-10-11,3,485,5
2025/01/01,名古屋,12,お年玉特別Ａ８,1500,ダ,右,良,晴,11,6,6,キタサンエトワール,牝,6,53.0,488,-2,望月洵,藤ケ人,,7,1:37.7,38.5,8-8-9-7,9,488,-2
2025/01/01,名古屋,12,お年玉特別Ａ８,1500,ダ,右,良,晴,11,7,9,ボールドライ,牡,5,56.0,475,1,大畑雅,植松則,,8,1:37.9,39.4,2-3-3-8,5,475,1
2025/01/01,名古屋,12,お年玉特別Ａ８,1500,ダ,右,良,晴,11,3,3,リベリアスハート,牡,8,56.0,463,-5,加藤利,本名信,,9,1:38.1,39.3,7-5-5-4,11,463,-5
2025/01/01,名古屋,12,お年玉特別Ａ８,1500,ダ,右,良,晴,11,8,11,ハイアーグレード,牝,8,54.0,477,9,阪野学,櫻井今,,10,1:38.1,39.2,5-7-7-10,8,477,9
2025/01/01,名古屋,12,お年玉特別Ａ８,1500,ダ,右,良,晴,11,8,10,エターナルプライド,牝,6,54.0,473,-1,加藤誓,竹下太,,11,1:38.1,39.3,3-4-4-9,10,473,-1
2025/01/02,名古屋,1,Ｃ２５組,1500,ダ,右,良,晴,11,2,2,ダックリン,牝,4,53.0,463,-5,望月洵,戸部尚,,1,1:37.3,40.0,5-5-3-3,4,463,-5
2025/01/02,名古屋,1,Ｃ２５組,1500,ダ,右,良,晴,11,3,3,サブリエ,牝,4,54.0,440,-1,丸野勝,竹下太,,2,1:37.9,41.1,2-1-1-1,1,440,-1
2025/01/02,名古屋,1,Ｃ２５組,1500,ダ,右,良,晴,11,5,5,クリノエクリプス,牡,4,56.0,496,-1,山田祥,今津勝,,3,1:38.0,38.7,11-11-11-9,6,496,-1
2025/01/02,名古屋,1,Ｃ２５組,1500,ダ,右,良,晴,11,6,6,ロードクリーガー,牡,8,56.0,475,1,大畑慧,植松則,,4,1:38.4,40.1,9-10-9-6,8,475,1
2025/01/02,名古屋,1,Ｃ２５組,1500,ダ,右,良,晴,11,7,8,スパイキーボウ,牡,4,56.0,500,7,今井貴,安部幸,,5,1:38.4,40.4,10-9-7-6,7,500,7
2025/01/02,名古屋,1,Ｃ２５組,1500,ダ,右,良,晴,11,7,9,レオボンバイエ,牡,4,54.0,450,-3,木之葵,榎屋充,,6,1:38.5,41.1,4-4-5-5,5,450,-3
2025/01/02,名古屋,1,Ｃ２５組,1500,ダ,右,良,晴,11,6,7,モンデフェリシティ,牝,4,54.0,433,-2,細川智,藤ケ人,,7,1:38.6,41.8,1-2-2-2,3,433,-2
2025/01/02,名古屋,1,Ｃ２５組,1500,ダ,右,良,晴,11,8,10,シャドウクロス,牡,4,56.0,507,-11,岡部誠,安部幸,,8,1:38.6,41.1,6-6-6-4,2,507,-11
2025/01/02,名古屋,1,Ｃ２５組,1500,ダ,右,良,晴,11,8,11,ココナッツナッツ,牝,5,54.0,438,2,阪野学,沖田明,,9,1:38.8,40.7,7-7-8-8,10,438,2
2025/01/02,名古屋,1,Ｃ２５組,1500,ダ,右,良,晴,11,1,1,アキノイロクサ,牝,5,54.0,499,-1,大畑雅,今津勝,,10,1:39.8,41.3,8-8-10-10,11,499,-1
2025/01/02,名古屋,1,Ｃ２５組,1500,ダ,右,良,晴,11,4,4,インセンブレ,牝,4,52.0,442,-1,宮下瞳,井手慎,,11,1:45.1,47.8,3-3-4-11,9,442,-1
2025/01/02,名古屋,2,Ｃ２４組,1500,ダ,右,良,晴,11,5,5,ラブリーメイク,牝,4,54.0,460,5,岡部誠,角田輝,,1,1:37.5,38.5,3-3-3-1,1,460,5
2025/01/02,名古屋,2,Ｃ２４組,1500,ダ,右,良,晴,11,6,6,ホワイトリバー,牡,4,56.0,469,5,友森翔,宇都英,,2,1:37.9,38.1,8-9-9-6,4,469,5
2025/01/02,名古屋,2,Ｃ２４組,1500,ダ,右,良,晴,11,8,11,スマートレパード,牡,4,56.0,528,-2,村上弘,瀬戸悟,,3,1:38.4,38.9,7-6-5-4,5,528,-2
2025/01/02,名古屋,2,Ｃ２４組,1500,ダ,右,良,晴,11,1,1,イイクニアシェル,牡,4,56.0,504,4,塚本征,榎屋充,,4,1:38.4,39.2,6-4-4-4,2,504,4
2025/01/02,名古屋,2,Ｃ２４組,1500,ダ,右,良,晴,11,7,9,アミアン,牝,4,54.0,419,-6,阪野学,櫻井今,,5,1:38.9,39.2,4-5-7-8,6,419,-6
2025/01/02,名古屋,2,Ｃ２４組,1500,ダ,右,良,晴,11,8,10,ロードスタウト,牡,4,56.0,469,5,山田祥,植松則,,6,1:39.1,39.5,5-7-6-7,8,469,5
2025/01/02,名古屋,2,Ｃ２４組,1500,ダ,右,良,晴,11,2,2,オキャン,牝,4,53.0,444,3,望月洵,今津博,,7,1:39.1,40.1,1-1-2-2,3,444,3
2025/01/02,名古屋,2,Ｃ２４組,1500,ダ,右,良,晴,11,6,7,タキトゥス,牝,6,54.0,446,-2,丸野勝,倉地学,,8,1:39.2,39.0,11-11-10-10,10,446,-2
2025/01/02,名古屋,2,Ｃ２４組,1500,ダ,右,良,晴,11,7,8,ヤーゴ,牡,5,56.0,494,2,丹羽克,安部幸,,9,1:39.4,40.5,2-2-1-3,7,494,2
2025/01/02,名古屋,2,Ｃ２４組,1500,ダ,右,良,晴,11,4,4,ナムラアダム,牡,5,56.0,415,-2,柿原翔,藤ケ男,,10,1:41.0,41.3,9-8-8-9,11,415,-2
2025/01/02,名古屋,2,Ｃ２４組,1500,ダ,右,良,晴,11,3,3,リュウコ,牡,5,54.0,495,1,宮下瞳,安部幸,,11,1:41.6,41.3,10-10-11-11,9,495,1
2025/01/02,名古屋,3,Ｃ２３組,1500,ダ,右,良,晴,11,5,5,サントリーニブルー,牝,4,54.0,432,-1,塚本征,櫻井今,,1,1:39.3,38.6,10-6-6-7,3,432,-1
2025/01/02,名古屋,3,Ｃ２３組,1500,ダ,右,良,晴,11,8,10,クリスマスイヴ,牝,4,54.0,435,0,村上弘,藤ケ男,,1,1:39.3,39.0,3-3-3-3,5,435,0
2025/01/02,名古屋,3,Ｃ２３組,1500,ダ,右,良,晴,11,3,3,ゼンダンサクラ,牝,4,52.0,422,0,宮下瞳,瀬戸悟,,3,1:39.3,38.6,8-9-7-6,2,422,0
2025/01/02,名古屋,3,Ｃ２３組,1500,ダ,右,良,晴,11,8,11,フッカツノチギリ,牝,4,54.0,406,0,細川智,地辺幸,,4,1:39.4,39.0,4-4-4-3,8,406,0
2025/01/02,名古屋,3,Ｃ２３組,1500,ダ,右,良,晴,11,6,7,イーストベンティ,牡,5,56.0,449,6,加藤利,塚田隆,,5,1:40.4,39.4,7-7-10-9,6,449,6
2025/01/02,名古屋,3,Ｃ２３組,1500,ダ,右,良,晴,11,6,6,ビクトリーキャッチ,牝,5,54.0,477,-2,丸野勝,沖田明,,6,1:40.4,39.8,5-5-5-5,4,477,-2
2025/01/02,名古屋,3,Ｃ２３組,1500,ダ,右,良,晴,11,7,9,ジャスタヘイロー,牝,4,54.0,427,0,大畑慧,瀬戸悟,,7,1:40.6,39.2,11-11-11-11,10,427,0
2025/01/02,名古屋,3,Ｃ２３組,1500,ダ,右,良,晴,11,2,2,コンジュラー,牝,4,54.0,447,0,山田祥,迫田清,,8,1:40.7,40.0,6-8-8-8,9,447,0
2025/01/02,名古屋,3,Ｃ２３組,1500,ダ,右,良,晴,11,7,8,サンライズバモス,牡,4,55.0,513,16,望月洵,井上哲,,9,1:41.0,40.3,9-10-8-10,1,513,16
2025/01/02,名古屋,3,Ｃ２３組,1500,ダ,右,良,晴,11,1,1,コズミックコール,牝,5,52.0,445,2,木之葵,錦見勇,,10,1:41.2,41.8,2-2-1-2,11,445,2
2025/01/02,名古屋,3,Ｃ２３組,1500,ダ,右,良,晴,11,4,4,オレノブルース,牡,6,56.0,460,-6,阪野学,成田明,,11,1:41.6,42.2,1-1-2-1,7,460,-6
2025/01/02,名古屋,4,３歳２組,1500,ダ,右,良,晴,10,3,3,ショウリュウマサル,牡,3,56.0,514,6,加藤聡,川西毅,,1,1:38.1,39.3,7-3-3-1,2,514,6
2025/01/02,名古屋,4,３歳２組,1500,ダ,右,良,晴,10,1,1,エハバンディーア,牝,3,54.0,423,0,塚本征,櫻井今,,2,1:38.8,39.3,10-10-10-3,7,423,0
2025/01/02,名古屋,4,３歳２組,1500,ダ,右,良,晴,10,6,6,サンヨウドラゴン,牡,3,54.0,461,0,木之葵,今津勝,,3,1:38.9,39.8,6-7-7-8,3,461,0
2025/01/02,名古屋,4,３歳２組,1500,ダ,右,良,晴,10,5,5,コスモベルツリー,牝,3,54.0,421,-2,大畑雅,今津勝,,4,1:39.1,40.5,3-1-1-2,1,421,-2
2025/01/02,名古屋,4,３歳２組,1500,ダ,右,良,晴,10,7,8,エイシンラージヒル,牝,3,54.0,432,-2,加藤誓,竹下直,,5,1:40.0,41.2,1-2-2-6,9,432,-2
2025/01/02,名古屋,4,３歳２組,1500,ダ,右,良,晴,10,4,4,メッチャハットリ,牝,3,54.0,443,-9,村上弘,榎屋充,,6,1:40.1,41.2,5-8-6-5,6,443,-9
2025/01/02,名古屋,4,３歳２組,1500,ダ,右,良,晴,10,7,7,アイタロオ,牡,3,56.0,475,4,友森翔,原口次,,7,1:40.7,41.6,8-9-8-4,5,475,4
2025/01/02,名古屋,4,３歳２組,1500,ダ,右,良,晴,10,2,2,クリノマックイーン,牡,3,55.0,458,3,望月洵,迫田清,,8,1:40.9,41.8,9-6-9-9,4,458,3
2025/01/02,名古屋,4,３歳２組,1500,ダ,右,良,晴,10,8,9,モーイーワヒネ,牝,3,54.0,449,2,大畑慧,今津博,,9,1:41.1,42.2,4-5-5-6,8,449,2
2025/01/02,名古屋,4,３歳２組,1500,ダ,右,良,晴,10,8,10,アマノカグヤマ,牝,3,54.0,446,5,加藤利,伊藤己,,10,1:41.8,43.0,2-4-3-10,10,446,5
2025/01/02,名古屋,5,Ｃ２２組,1500,ダ,右,良,晴,11,2,2,オオタニズスマイル,牡,4,55.0,486,1,望月洵,藤ケ男,,1,1:37.6,38.7,4-4-4-1,1,486,1
2025/01/02,名古屋,5,Ｃ２２組,1500,ダ,右,良,晴,11,5,5,ウインセレーネ,牝,4,54.0,417,-1,大畑慧,原口次,,2,1:37.9,39.1,2-2-3-2,5,417,-1
2025/01/02,名古屋,5,Ｃ２２組,1500,ダ,右,良,晴,11,6,6,マイネルアットーレ,牡,4,56.0,481,-1,加藤聡,竹下直,,3,1:39.0,40.2,3-3-2-3,3,481,-1
2025/01/02,名古屋,5,Ｃ２２組,1500,ダ,右,良,晴,11,7,9,ユイノペニーワイズ,牡,6,56.0,459,5,加藤利,錦見勇,,4,1:39.0,39.3,10-9-8-7,6,459,5
2025/01/02,名古屋,5,Ｃ２２組,1500,ダ,右,良,晴,11,7,8,アーキトラオム,牡,4,56.0,467,6,岡部誠,藤ケ男,,5,1:39.3,40.3,5-5-5-6,2,467,6
2025/01/02,名古屋,5,Ｃ２２組,1500,ダ,右,良,晴,11,3,3,クレアツィオーネ,牡,4,56.0,471,-3,丹羽克,竹之昭,,6,1:39.5,40.5,8-6-6-4,4,471,-3
2025/01/02,名古屋,5,Ｃ２２組,1500,ダ,右,良,晴,11,8,10,ボルドーアドゥール,牝,6,52.0,380,-10,宮下瞳,地辺幸,,7,1:39.7,40.1,7-7-7-8,9,380,-10
2025/01/02,名古屋,5,Ｃ２２組,1500,ダ,右,良,晴,11,4,4,フクチャンフクメイ,牝,4,54.0,459,-11,尾崎章,本名信,,8,1:39.7,39.8,6-8-10-9,8,459,-11
2025/01/02,名古屋,5,Ｃ２２組,1500,ダ,右,良,晴,11,8,11,アカツキスワロー,牝,5,54.0,385,0,横井将,倉地学,,9,1:40.1,40.2,9-10-9-10,11,385,0
2025/01/02,名古屋,5,Ｃ２２組,1500,ダ,右,良,晴,11,1,1,エイワキャントレー,牝,6,54.0,416,1,大畑雅,井手慎,,10,1:40.6,41.9,1-1-1-5,7,416,1
2025/01/02,名古屋,5,Ｃ２２組,1500,ダ,右,良,晴,11,6,7,アルレジャン,牡,4,56.0,511,-5,阪野学,伊藤己,,11,1:41.9,41.0,11-11-11-11,10,511,-5
2025/01/02,名古屋,6,Ｃ２１組,1500,ダ,右,良,晴,12,2,2,ヒラボクヒーロー,牡,4,56.0,497,3,山田祥,川西毅,,1,1:36.5,39.6,4-4-2-1,1,497,3
2025/01/02,名古屋,6,Ｃ２１組,1500,ダ,右,良,晴,12,7,10,ポーラーシュテルン,牝,4,53.0,483,-1,望月洵,井上哲,,2,1:37.6,39.3,5-6-5-5,4,483,-1
2025/01/02,名古屋,6,Ｃ２１組,1500,ダ,右,良,晴,12,4,4,サンカグヤヒメ,牝,4,54.0,404,-5,大畑慧,竹下太,,3,1:37.6,39.0,9-9-8-5,3,404,-5
2025/01/02,名古屋,6,Ｃ２１組,1500,ダ,右,良,晴,12,7,9,ウインシャルマン,セ,0,56.0,472,0,村上弘,宇都英,,4,1:38.2,39.8,7-5-7-7,9,472,0
2025/01/02,名古屋,6,Ｃ２１組,1500,ダ,右,良,晴,12,5,5,ザッツ,牡,4,56.0,547,-4,丸野勝,井手慎,,5,1:38.8,39.6,10-10-10-9,6,547,-4
2025/01/02,名古屋,6,Ｃ２１組,1500,ダ,右,良,晴,12,8,11,フィールドゲラン,牝,6,54.0,464,-3,大畑雅,今津勝,,6,1:39.0,40.6,6-7-6-8,7,464,-3
2025/01/02,名古屋,6,Ｃ２１組,1500,ダ,右,良,晴,12,6,8,シグナトリー,牝,5,54.0,424,0,細川智,井上哲,,7,1:39.5,42.6,2-2-4-4,11,424,0
2025/01/02,名古屋,6,Ｃ２１組,1500,ダ,右,良,晴,12,3,3,プリモパッソ,牝,4,54.0,419,-6,塚本征,今津博,,8,1:39.6,42.7,3-3-3-2,2,419,-6
2025/01/02,名古屋,6,Ｃ２１組,1500,ダ,右,良,晴,12,8,12,ギフトフォーユー,牝,4,54.0,496,-1,阪野学,坂口義,,9,1:39.8,43.0,1-1-1-3,5,496,-1
2025/01/02,名古屋,6,Ｃ２１組,1500,ダ,右,良,晴,12,6,7,ラブウェイ,牝,5,54.0,436,-2,尾崎章,本名信,,10,1:40.0,40.6,12-11-12-11,12,436,-2
2025/01/02,名古屋,6,Ｃ２１組,1500,ダ,右,良,晴,12,1,1,ルクスグラシャス,牝,5,52.0,459,-2,木之葵,榎屋充,,11,1:40.5,41.6,8-8-9-10,8,459,-2
2025/01/02,名古屋,6,Ｃ２１組,1500,ダ,右,良,晴,12,5,6,ダイノコクオウ,牡,5,56.0,552,5,加藤誓,竹下太,,12,1:42.5,43.2,11-11-11-12,10,552,5
2025/01/02,名古屋,7,Ｃ２０組,1500,ダ,右,良,晴,12,6,7,ロジペルレスト,セ,0,56.0,527,18,今井貴,榎屋充,,1,1:37.1,39.1,3-3-3-1,1,527,18
2025/01/02,名古屋,7,Ｃ２０組,1500,ダ,右,良,晴,12,8,11,ペイシャイン,牡,4,56.0,448,-4,友森翔,沖田明,,2,1:37.5,39.2,5-5-4-3,2,448,-4
2025/01/02,名古屋,7,Ｃ２０組,1500,ダ,右,良,晴,12,5,6,サイモンモーニング,牡,4,56.0,449,5,塚本征,竹下太,,3,1:37.6,39.1,7-7-7-5,6,449,5
2025/01/02,名古屋,7,Ｃ２０組,1500,ダ,右,良,晴,12,7,10,サンライズアザール,牡,4,56.0,526,0,加藤利,沖田明,,4,1:38.1,39.7,8-10-6-6,5,526,0
2025/01/02,名古屋,7,Ｃ２０組,1500,ダ,右,良,晴,12,4,4,ウィズユアハート,牝,4,52.0,461,6,宮下瞳,川西毅,,5,1:38.4,40.4,2-2-2-2,3,461,6
2025/01/02,名古屋,7,Ｃ２０組,1500,ダ,右,良,晴,12,5,5,ボスコヴェローチェ,牡,4,56.0,533,1,丹羽克,櫻井今,,6,1:38.4,39.7,10-9-9-7,4,533,1
2025/01/02,名古屋,7,Ｃ２０組,1500,ダ,右,良,晴,12,3,3,フミソニック,牝,4,54.0,434,-1,阪野学,櫻井今,,7,1:38.8,39.9,6-8-10-10,10,434,-1
2025/01/02,名古屋,7,Ｃ２０組,1500,ダ,右,良,晴,12,1,1,スングリダンダン,牝,5,54.0,423,-5,尾崎章,伊藤己,,8,1:38.8,40.1,11-6-8-8,12,423,-5
2025/01/02,名古屋,7,Ｃ２０組,1500,ダ,右,良,晴,12,7,9,イルプリンチペ,牡,4,56.0,497,0,細川智,迫田清,,9,1:39.2,40.1,12-12-11-12,8,497,0
2025/01/02,名古屋,7,Ｃ２０組,1500,ダ,右,良,晴,12,8,12,オーキデパフュメ,牝,5,54.0,466,0,大畑雅,安部幸,,10,1:39.2,40.0,9-11-12-11,11,466,0
2025/01/02,名古屋,7,Ｃ２０組,1500,ダ,右,良,晴,12,6,8,メイショウトリデ,牡,6,56.0,498,2,大畑慧,沖田明,,11,1:40.2,41.9,4-4-5-9,7,498,2
2025/01/02,名古屋,7,Ｃ２０組,1500,ダ,右,良,晴,12,2,2,トリプルアイ,牝,6,53.0,431,-1,望月洵,井上哲,,12,1:40.3,42.4,1-1-1-4,9,431,-1
2025/01/02,名古屋,8,Ｃ１９組,1400,ダ,右,良,晴,12,2,2,シルクニードル,牝,4,54.0,464,-7,大畑雅,今津博,,1,1:30.6,38.3,1-1-1-1,1,464,-7
2025/01/02,名古屋,8,Ｃ１９組,1400,ダ,右,良,晴,12,8,11,オグリマックイーン,牡,4,56.0,428,-5,細川智,沖田明,,2,1:31.2,38.8,2-2-2-2,5,428,-5
2025/01/02,名古屋,8,Ｃ１９組,1400,ダ,右,良,晴,12,6,7,カムイパパイヤ,牝,4,53.0,415,-1,望月洵,井上哲,,3,1:31.2,38.1,6-6-5-3,4,415,-1
2025/01/02,名古屋,8,Ｃ１９組,1400,ダ,右,良,晴,12,5,5,ラズワルドラピス,牝,4,52.0,413,-8,木之葵,櫻井今,,4,1:31.5,38.2,10-8-6-5,8,413,-8
2025/01/02,名古屋,8,Ｃ１９組,1400,ダ,右,良,晴,12,7,9,ビッグブロック,牡,4,56.0,563,5,塚本征,榎屋充,,5,1:31.6,39.1,4-3-3-4,2,563,5
2025/01/02,名古屋,8,Ｃ１９組,1400,ダ,右,良,晴,12,5,6,モーニングスカイ,牝,4,54.0,421,-4,加藤利,塚田隆,,6,1:32.0,38.2,11-11-10-8,6,421,-4
2025/01/02,名古屋,8,Ｃ１９組,1400,ダ,右,良,晴,12,8,12,ホームアンドドライ,牡,4,56.0,486,6,大畑慧,今津勝,,7,1:32.1,38.5,8-9-7-7,3,486,6
2025/01/02,名古屋,8,Ｃ１９組,1400,ダ,右,良,晴,12,7,10,デイジーロック,牝,5,54.0,498,1,山田祥,竹下直,,8,1:32.2,38.4,9-10-11-9,7,498,1
2025/01/02,名古屋,8,Ｃ１９組,1400,ダ,右,良,晴,12,6,8,シュタイナー,牡,5,56.0,477,0,今井貴,竹下直,,9,1:32.6,39.0,7-7-7-11,9,477,0
2025/01/02,名古屋,8,Ｃ１９組,1400,ダ,右,良,晴,12,3,3,クスノキワーク,牝,4,52.0,434,-3,宮下瞳,倉地学,,10,1:33.0,40.0,3-4-4-6,10,434,-3
2025/01/02,名古屋,8,Ｃ１９組,1400,ダ,右,良,晴,12,1,1,ライトボヌール,牝,5,54.0,449,-9,加藤誓,竹下太,,11,1:33.2,39.6,5-5-9-10,12,449,-9
2025/01/02,名古屋,8,Ｃ１９組,1400,ダ,右,良,晴,12,4,4,ラダマンテュス,牡,4,56.0,398,-9,阪野学,櫻井今,,12,1:35.2,40.3,12-12-12-12,11,398,-9
2025/01/02,名古屋,9,七福神特別３歳１,1500,ダ,右,良,晴,11,3,3,フークタオユエン,牡,3,56.0,492,-9,今井貴,宇都英,,1,1:36.8,38.9,1-1-1-2,3,492,-9
2025/01/02,名古屋,9,七福神特別３歳１,1500,ダ,右,良,晴,11,2,2,メイクン,牡,3,56.0,462,1,丸野勝,荒巻透,,2,1:36.8,38.3,3-4-4-3,2,462,1
2025/01/02,名古屋,9,七福神特別３歳１,1500,ダ,右,良,晴,11,5,5,ノリノリブリランテ,牡,3,56.0,462,5,加藤聡,原口次,,3,1:37.0,38.0,9-9-9-6,1,462,5
2025/01/02,名古屋,9,七福神特別３歳１,1500,ダ,右,良,晴,11,4,4,バウアピアーズ,牡,3,56.0,499,-1,阪野学,塚田隆,,4,1:37.1,38.2,6-5-8-1,4,499,-1
2025/01/02,名古屋,9,七福神特別３歳１,1500,ダ,右,良,晴,11,1,1,カムイノウタゲ,牡,3,56.0,475,5,大畑慧,竹下太,,5,1:37.4,38.0,11-10-10-9,6,475,5
2025/01/02,名古屋,9,七福神特別３歳１,1500,ダ,右,良,晴,11,7,8,フクシマジンロッソ,牡,3,56.0,445,-3,塚本征,櫻井今,,6,1:37.9,39.2,8-7-6-7,11,445,-3
2025/01/02,名古屋,9,七福神特別３歳１,1500,ダ,右,良,晴,11,6,7,ゴーゴーゴウト,牡,3,56.0,482,-1,岡部誠,安部幸,,7,1:38.0,39.8,2-2-2-4,5,482,-1
2025/01/02,名古屋,9,七福神特別３歳１,1500,ダ,右,良,晴,11,8,10,サンヨウスフィーダ,牝,3,54.0,439,-5,友森翔,原口次,,8,1:38.3,39.6,7-8-5-8,9,439,-5
2025/01/02,名古屋,9,七福神特別３歳１,1500,ダ,右,良,晴,11,8,11,マロガレ,牡,3,56.0,462,-1,細川智,宇都英,,9,1:38.5,39.6,5-6-7-10,7,462,-1
2025/01/02,名古屋,9,七福神特別３歳１,1500,ダ,右,良,晴,11,6,6,ジュライファースト,牝,3,54.0,452,3,大畑雅,今津博,,10,1:38.5,40.2,4-3-3-5,10,452,3
2025/01/02,名古屋,9,七福神特別３歳１,1500,ダ,右,良,晴,11,7,9,インカノメザメ,牝,3,52.0,423,0,宮下瞳,安部幸,,11,1:39.7,38.9,10-11-11-11,8,423,0
2025/01/02,名古屋,10,ハッピーニューイヤー特別Ｂ２,1700,ダ,右,良,晴,8,6,6,クリノスピネル,牝,4,52.0,475,-2,宮下瞳,宇都英,,1,1:51.2,39.5,6-4-5-2,1,475,-2
2025/01/02,名古屋,10,ハッピーニューイヤー特別Ｂ２,1700,ダ,右,良,晴,8,2,2,シゲルノヴァ,牝,5,52.0,467,-3,木之葵,櫻井今,,2,1:51.2,39.6,4-3-3-3,8,467,-3
2025/01/02,名古屋,10,ハッピーニューイヤー特別Ｂ２,1700,ダ,右,良,晴,8,1,1,アンサングヒーロー,牡,6,56.0,505,6,村上弘,今津博,,3,1:51.9,40.7,2-1-1-1,2,505,6
2025/01/02,名古屋,10,ハッピーニューイヤー特別Ｂ２,1700,ダ,右,良,晴,8,5,5,メイショウサキガケ,牡,6,56.0,466,3,塚本征,迫田清,,4,1:52.2,40.5,3-5-4-6,3,466,3
2025/01/02,名古屋,10,ハッピーニューイヤー特別Ｂ２,1700,ダ,右,良,晴,8,3,3,エドノバイオレット,牝,6,53.0,478,6,望月洵,戸部尚,,5,1:52.7,41.3,1-2-2-4,5,478,6
2025/01/02,名古屋,10,ハッピーニューイヤー特別Ｂ２,1700,ダ,右,良,晴,8,7,7,スターインパクト,牡,7,56.0,452,0,加藤聡,竹下太,,6,1:52.7,40.9,5-6-6-5,6,452,0
2025/01/02,名古屋,10,ハッピーニューイヤー特別Ｂ２,1700,ダ,右,良,晴,8,4,4,キーフェイス,牝,9,54.0,473,3,大畑慧,竹下太,,7,1:53.0,39.3,8-8-8-8,7,473,3
2025/01/02,名古屋,10,ハッピーニューイヤー特別Ｂ２,1700,ダ,右,良,晴,8,8,8,ディーン,牝,5,54.0,467,1,友森翔,塚田隆,,8,1:54.2,41.6,7-7-7-7,4,467,1
2025/01/02,名古屋,11,新春盃ＢＣ,2000,ダ,右,良,晴,12,2,2,メイショウタイセツ,牡,4,56.0,516,4,加藤聡,宇都英,,1,2:09.6,37.8,1-1-1-1,1,516,4
2025/01/02,名古屋,11,新春盃ＢＣ,2000,ダ,右,良,晴,12,6,7,リアルペガサス,牡,4,56.0,468,-2,宮下瞳,原口次,,2,2:11.1,39.0,4-5-3-2,2,468,-2
2025/01/02,名古屋,11,新春盃ＢＣ,2000,ダ,右,良,晴,12,8,11,レクランスリール,牝,5,54.0,452,-6,塚本征,沖田明,,3,2:11.5,39.5,2-2-2-3,5,452,-6
2025/01/02,名古屋,11,新春盃ＢＣ,2000,ダ,右,良,晴,12,4,4,フリューゲル,牡,5,56.0,461,-3,岡部誠,沖田明,,4,2:11.8,39.1,8-7-8-7,9,461,-3
2025/01/02,名古屋,11,新春盃ＢＣ,2000,ダ,右,良,晴,12,7,9,ウインライズ,牡,4,56.0,488,5,阪野学,植松則,,5,2:11.9,39.2,6-8-9-7,8,488,5
2025/01/02,名古屋,11,新春盃ＢＣ,2000,ダ,右,良,晴,12,8,12,オニジオオタニ,セ,0,56.0,464,1,今井貴,角田輝,,6,2:12.3,40.2,3-3-4-9,4,464,1
2025/01/02,名古屋,11,新春盃ＢＣ,2000,ダ,右,良,晴,12,3,3,サイレントウルフ,牡,5,56.0,518,-9,望月洵,榎屋充,,7,2:12.4,40.0,7-6-5-4,6,518,-9
2025/01/02,名古屋,11,新春盃ＢＣ,2000,ダ,右,良,晴,12,7,10,アオラキ,牡,5,56.0,487,1,村上弘,今津勝,,8,2:12.4,40.0,9-9-7-5,7,487,1
2025/01/02,名古屋,11,新春盃ＢＣ,2000,ダ,右,良,晴,12,5,6,ローザキアーロ,牝,6,54.0,532,8,大畑雅,角田輝,,9,2:12.4,40.0,5-4-6-6,11,532,8
2025/01/02,名古屋,11,新春盃ＢＣ,2000,ダ,右,良,晴,12,1,1,ミーハ,牡,4,56.0,481,-3,柿原翔,安部幸,,10,2:12.5,39.1,12-12-12-12,10,481,-3
2025/01/02,名古屋,11,新春盃ＢＣ,2000,ダ,右,良,晴,12,5,5,タイミングハート,牡,8,56.0,461,0,山田祥,迫田清,,11,2:12.6,39.3,10-11-11-11,12,461,0
2025/01/02,名古屋,11,新春盃ＢＣ,2000,ダ,右,良,晴,12,6,8,ペルソナ,牡,5,56.0,504,-1,丸野勝,角田輝,,12,2:13.1,40.1,11-10-10-10,3,504,-1
2025/01/02,名古屋,12,初夢特別Ａ７,1500,ダ,右,良,晴,11,5,5,ナムラエヴァ,牝,5,54.0,503,3,丸野勝,藤ケ人,,1,1:36.2,38.8,1-1-1-2,6,503,3
2025/01/02,名古屋,12,初夢特別Ａ７,1500,ダ,右,良,晴,11,6,6,バトルレジェンダ,牝,5,52.0,427,-4,宮下瞳,藤ケ人,,2,1:36.2,38.5,5-5-4-3,4,427,-4
2025/01/02,名古屋,12,初夢特別Ａ７,1500,ダ,右,良,晴,11,2,2,ヘーメル,牝,7,54.0,453,4,大畑慧,安部幸,,3,1:36.4,38.5,8-8-6-6,9,453,4
2025/01/02,名古屋,12,初夢特別Ａ７,1500,ダ,右,良,晴,11,4,4,コーリンバニラ,牝,8,54.0,506,-2,岡部誠,角田輝,,4,1:36.4,38.7,3-3-3-1,3,506,-2
2025/01/02,名古屋,12,初夢特別Ａ７,1500,ダ,右,良,晴,11,1,1,リリーバローズ,牝,5,52.0,444,-1,木之葵,井上哲,,5,1:36.5,38.6,7-7-7-5,8,444,-1
2025/01/02,名古屋,12,初夢特別Ａ７,1500,ダ,右,良,晴,11,3,3,ヴェッツラー,牡,8,56.0,467,-2,大畑雅,角田輝,,6,1:36.6,38.6,9-9-8-7,2,467,-2
2025/01/02,名古屋,12,初夢特別Ａ７,1500,ダ,右,良,晴,11,7,9,リストン,牡,5,56.0,467,-6,阪野学,荒巻透,,7,1:37.5,40.0,2-2-2-4,1,467,-6
2025/01/02,名古屋,12,初夢特別Ａ７,1500,ダ,右,良,晴,11,8,11,ハクサンマックス,牡,7,56.0,460,-2,塚本征,櫻井今,,8,1:37.5,39.7,4-4-5-8,7,460,-2
2025/01/02,名古屋,12,初夢特別Ａ７,1500,ダ,右,良,晴,11,7,8,トーキョーサバク,牡,9,56.0,510,3,村上弘,坂口義,,9,1:38.2,40.2,10-10-10-9,10,510,3
2025/01/02,名古屋,12,初夢特別Ａ７,1500,ダ,右,良,晴,11,8,10,イーヴンキール,牡,5,56.0,492,2,細川智,藤ケ男,,10,1:41.2,43.2,6-6-9-10,5,492,2
2025/01/02,名古屋,12,初夢特別Ａ７,1500,ダ,右,良,晴,11,6,7,ジュレップスター,牝,5,53.0,0,0,望月洵,井上哲,,,,,,,0,0
2025/01/03,名古屋,1,３歳３組,1500,ダ,右,良,晴,11,2,2,ドリームトリップ,牝,3,54.0,455,-1,岡部誠,角田輝,,1,1:37.1,39.6,4-3-2-1,1,455,-1
2025/01/03,名古屋,1,３歳３組,1500,ダ,右,良,晴,11,5,5,ルナティス,牝,3,54.0,458,0,加藤聡,井手慎,,2,1:37.5,40.0,1-1-1-2,9,458,0
2025/01/03,名古屋,1,３歳３組,1500,ダ,右,良,晴,11,7,8,アイオラナキラ,牝,3,54.0,406,3,阪野学,井上哲,,3,1:37.8,39.7,7-8-8-5,11,406,3
2025/01/03,名古屋,1,３歳３組,1500,ダ,右,良,晴,11,8,10,ネオシャングリラ,牡,3,56.0,469,1,村上弘,角田輝,,4,1:38.1,39.8,9-9-9-9,8,469,1
2025/01/03,名古屋,1,３歳３組,1500,ダ,右,良,晴,11,4,4,モモクリサン,牝,3,54.0,403,3,塚本征,迫田清,,5,1:38.1,40.3,3-6-7-3,7,403,3
2025/01/03,名古屋,1,３歳３組,1500,ダ,右,良,晴,11,8,11,ダイセンボルト,牡,3,56.0,447,-2,丸野勝,今津博,,6,1:38.6,41.1,2-2-3-4,5,447,-2
2025/01/03,名古屋,1,３歳３組,1500,ダ,右,良,晴,11,7,9,カミーチェ,牝,3,52.0,393,1,宮下瞳,地辺幸,,7,1:38.6,40.2,8-10-10-8,4,393,1
2025/01/03,名古屋,1,３歳３組,1500,ダ,右,良,晴,11,1,1,アリスノヒトミ,牝,3,53.0,416,-4,望月洵,井上哲,,8,1:38.6,40.8,6-7-6-6,2,416,-4
2025/01/03,名古屋,1,３歳３組,1500,ダ,右,良,晴,11,3,3,チューリップ,牝,3,54.0,481,1,山田祥,今津勝,,9,1:38.8,39.0,11-11-11-11,10,481,1
2025/01/03,名古屋,1,３歳３組,1500,ダ,右,良,晴,11,6,7,ティーズクレア,牝,3,54.0,470,-1,大畑雅,今津博,,10,1:39.3,41.6,5-5-5-10,3,470,-1
2025/01/03,名古屋,1,３歳３組,1500,ダ,右,良,晴,11,6,6,グランノーヴ,牡,3,56.0,427,5,今井貴,坂口義,,11,1:40.0,42.4,10-4-4-7,6,427,5
2025/01/03,名古屋,2,Ｃ７組,920,ダ,右,良,晴,11,6,6,ジャコムスビ,牡,4,56.0,485,0,塚本征,櫻井今,,1,0:56.0,36.0,4-1,3,485,0
2025/01/03,名古屋,2,Ｃ７組,920,ダ,右,良,晴,11,7,8,ウォーターリッシュ,牝,4,54.0,437,-8,友森翔,塚田隆,,2,0:56.1,36.2,1-3,1,437,-8
2025/01/03,名古屋,2,Ｃ７組,920,ダ,右,良,晴,11,7,9,ネムレスクイーン,牝,4,52.0,457,0,宮下瞳,宇都英,,3,0:56.6,36.3,8-2,5,457,0
2025/01/03,名古屋,2,Ｃ７組,920,ダ,右,良,晴,11,8,11,ジャストトライ,牡,7,56.0,442,1,丹羽克,竹下直,,4,0:56.7,36.7,3-5,4,442,1
2025/01/03,名古屋,2,Ｃ７組,920,ダ,右,良,晴,11,8,10,メタルクラフト,牡,5,56.0,475,-9,岡部誠,荒巻透,,5,0:56.7,36.4,5-6,2,475,-9
2025/01/03,名古屋,2,Ｃ７組,920,ダ,右,良,晴,11,4,4,メイショウムラゲ,牡,4,56.0,463,4,加藤聡,地辺幸,,6,0:56.9,36.1,9-8,6,463,4
2025/01/03,名古屋,2,Ｃ７組,920,ダ,右,良,晴,11,3,3,ハスノミ,牡,5,56.0,456,3,村上弘,原口次,,7,0:56.9,36.2,6-7,10,456,3
2025/01/03,名古屋,2,Ｃ７組,920,ダ,右,良,晴,11,1,1,ハーピーティアラ,牝,6,54.0,471,-6,大畑慧,倉地学,,8,0:57.5,37.6,2-4,8,471,-6
2025/01/03,名古屋,2,Ｃ７組,920,ダ,右,良,晴,11,2,2,カノウセイノケモノ,セ,0,56.0,478,1,細川智,今津博,,9,0:58.0,37.3,7-9,7,478,1
2025/01/03,名古屋,2,Ｃ７組,920,ダ,右,良,晴,11,6,7,カピタン,牝,4,54.0,449,-2,丸野勝,安部幸,,10,0:58.2,37.4,11-10,11,449,-2
2025/01/03,名古屋,2,Ｃ７組,920,ダ,右,良,晴,11,5,5,シエルリーナ,牝,5,53.0,415,0,望月洵,迫田清,,11,0:58.3,36.8,10-11,9,415,0
2025/01/03,名古屋,3,Ｃ６組,1500,ダ,右,良,晴,11,7,8,ユウトザアシゲ,牡,4,56.0,510,-1,丸野勝,倉地学,,1,1:36.5,38.2,4-4-4-3,4,510,-1
2025/01/03,名古屋,3,Ｃ６組,1500,ダ,右,良,晴,11,7,9,コーリンカルベラ,牡,4,56.0,497,-1,大畑慧,錦見勇,,2,1:36.5,38.1,8-7-5-4,1,497,-1
2025/01/03,名古屋,3,Ｃ６組,1500,ダ,右,良,晴,11,4,4,クインタレッリ,牡,4,54.0,495,1,木之葵,坂口義,,3,1:36.7,38.5,2-2-2-2,2,495,1
2025/01/03,名古屋,3,Ｃ６組,1500,ダ,右,良,晴,11,3,3,ワイドステラ,牝,4,52.0,458,-7,宮下瞳,植松則,,4,1:36.9,38.5,6-6-6-5,5,458,-7
2025/01/03,名古屋,3,Ｃ６組,1500,ダ,右,良,晴,11,8,11,ブリリアントギフト,牝,6,53.0,410,0,望月洵,戸部尚,,5,1:37.4,39.0,5-5-6-6,6,410,0
2025/01/03,名古屋,3,Ｃ６組,1500,ダ,右,良,晴,11,6,7,ライトスピード,牝,4,54.0,460,0,阪野学,藤ケ男,,6,1:37.9,39.7,3-3-3-7,8,460,0
2025/01/03,名古屋,3,Ｃ６組,1500,ダ,右,良,晴,11,5,5,ヴァークスティ,牡,5,56.0,461,5,大原浩,戸部尚,,7,1:38.6,39.6,10-8-9-9,11,461,5
2025/01/03,名古屋,3,Ｃ６組,1500,ダ,右,良,晴,11,6,6,スマートアリオン,牡,5,56.0,493,10,加藤聡,原口次,,8,1:38.7,39.7,7-9-8-8,9,493,10
2025/01/03,名古屋,3,Ｃ６組,1500,ダ,右,良,晴,11,1,1,ロイヤルストレート,牡,4,56.0,480,10,岡部誠,藤ケ人,,9,1:39.1,41.0,1-1-1-1,3,480,10
2025/01/03,名古屋,3,Ｃ６組,1500,ダ,右,良,晴,11,8,10,ラパウィラ,牡,8,56.0,489,6,山田祥,宇都英,,10,1:39.3,40.0,11-10-10-10,7,489,6
2025/01/03,名古屋,3,Ｃ６組,1500,ダ,右,良,晴,11,2,2,エクラディーバ,牝,5,54.0,436,-3,塚本征,迫田清,,11,1:39.9,40.6,9-11-10-11,10,436,-3
2025/01/03,名古屋,4,Ｃ５組,1500,ダ,右,良,晴,11,8,10,テイエムビッグサー,牡,4,56.0,494,-9,丹羽克,竹之昭,,1,1:37.5,39.4,1-1-1-1,6,494,-9
2025/01/03,名古屋,4,Ｃ５組,1500,ダ,右,良,晴,11,5,5,サトミン,牝,6,54.0,447,-10,丸野勝,角田輝,,2,1:37.6,39.3,2-2-2-2,3,447,-10
2025/01/03,名古屋,4,Ｃ５組,1500,ダ,右,良,晴,11,6,6,カラヲヤブレ,牡,4,56.0,447,5,塚本征,坂口義,,3,1:38.2,39.8,3-3-3-3,1,447,5
2025/01/03,名古屋,4,Ｃ５組,1500,ダ,右,良,晴,11,1,1,エルディアナ,牝,5,54.0,417,-3,友森翔,塚田隆,,4,1:38.4,39.4,8-7-7-6,8,417,-3
2025/01/03,名古屋,4,Ｃ５組,1500,ダ,右,良,晴,11,7,9,リンクビーナス,牝,4,54.0,417,1,阪野学,榎屋充,,5,1:38.8,39.6,6-8-8-8,5,417,1
2025/01/03,名古屋,4,Ｃ５組,1500,ダ,右,良,晴,11,8,11,エムバランス,牡,4,56.0,498,-4,岡部誠,藤ケ人,,6,1:39.1,40.6,7-6-4-5,2,498,-4
2025/01/03,名古屋,4,Ｃ５組,1500,ダ,右,良,晴,11,3,3,ウィンサム,牝,5,53.0,490,-5,望月洵,戸部尚,,7,1:39.1,40.5,5-4-5-4,4,490,-5
2025/01/03,名古屋,4,Ｃ５組,1500,ダ,右,良,晴,11,4,4,サンコルテス,牝,7,52.0,412,-1,木之葵,植松則,,8,1:39.7,41.1,4-5-6-7,7,412,-1
2025/01/03,名古屋,4,Ｃ５組,1500,ダ,右,良,晴,11,6,7,メイショウパンゲア,牝,9,54.0,454,-7,細川智,地辺幸,,9,1:39.7,40.5,9-9-9-9,9,454,-7
2025/01/03,名古屋,4,Ｃ５組,1500,ダ,右,良,晴,11,7,8,ファベルジェエッグ,牝,5,54.0,470,-5,村上弘,瀬戸悟,,10,1:40.4,39.8,10-11-11-11,11,470,-5
2025/01/03,名古屋,4,Ｃ５組,1500,ダ,右,良,晴,11,2,2,プリンシアティアモ,牝,5,54.0,384,-5,大原浩,戸部尚,,11,1:40.5,40.4,11-10-10-10,10,384,-5
2025/01/03,名古屋,5,Ｃ４組,1500,ダ,右,良,晴,11,8,11,エターナルブルー,セ,0,56.0,479,-2,塚本征,戸部尚,,1,1:37.6,38.5,3-3-3-3,1,479,-2
2025/01/03,名古屋,5,Ｃ４組,1500,ダ,右,良,晴,11,4,4,ランペイジシチー,牡,5,56.0,468,-5,岡部誠,藤ケ男,,2,1:37.8,38.6,4-4-5-4,3,468,-5
2025/01/03,名古屋,5,Ｃ４組,1500,ダ,右,良,晴,11,7,8,エールステステル,牝,4,54.0,476,-4,山田祥,沖田明,,3,1:37.8,38.9,1-1-1-1,2,476,-4
2025/01/03,名古屋,5,Ｃ４組,1500,ダ,右,良,晴,11,5,5,カミルレ,牝,8,52.0,444,-3,木之葵,植松則,,4,1:38.2,38.7,8-8-7-8,4,444,-3
2025/01/03,名古屋,5,Ｃ４組,1500,ダ,右,良,晴,11,8,10,コスモララバイ,牝,4,54.0,407,3,加藤利,錦見勇,,5,1:38.4,39.4,2-2-2-2,6,407,3
2025/01/03,名古屋,5,Ｃ４組,1500,ダ,右,良,晴,11,3,3,ヴァンダルジャン,牝,6,54.0,512,-5,丹羽克,錦見勇,,6,1:38.4,38.9,6-7-8-5,9,512,-5
2025/01/03,名古屋,5,Ｃ４組,1500,ダ,右,良,晴,11,6,7,アマソナ,牝,5,54.0,477,-2,丸野勝,角田輝,,7,1:38.5,39.3,7-6-4-6,5,477,-2
2025/01/03,名古屋,5,Ｃ４組,1500,ダ,右,良,晴,11,1,1,ブルーヘスター,セ,0,56.0,510,-2,柿原翔,伊藤己,,8,1:38.5,38.6,10-9-10-7,10,510,-2
2025/01/03,名古屋,5,Ｃ４組,1500,ダ,右,良,晴,11,6,6,ターミバレンシア,牝,5,52.0,501,-2,宮下瞳,藤ケ人,,9,1:38.9,39.5,5-5-6-9,7,501,-2
2025/01/03,名古屋,5,Ｃ４組,1500,ダ,右,良,晴,11,7,9,サーストンユタ,牡,6,56.0,472,-3,大畑雅,井手慎,,10,1:39.0,39.4,9-10-9-10,8,472,-3
2025/01/03,名古屋,5,Ｃ４組,1500,ダ,右,良,晴,11,2,2,イズミアマゾネス,牝,5,54.0,0,0,阪野学,植松則,,,,,,,0,0
2025/01/03,名古屋,6,Ｃ３組,1500,ダ,右,良,晴,11,4,4,サウンドジャッカル,牡,5,56.0,504,10,今井貴,安部幸,,1,1:37.7,40.2,4-5-3-3,1,504,10
2025/01/03,名古屋,6,Ｃ３組,1500,ダ,右,良,晴,11,1,1,フジファンタジスタ,牝,4,54.0,430,-5,細川智,坂口義,,2,1:38.1,40.8,1-1-1-1,2,430,-5
2025/01/03,名古屋,6,Ｃ３組,1500,ダ,右,良,晴,11,3,3,アイアンパシュート,牡,4,56.0,496,4,塚本征,迫田清,,3,1:38.1,40.3,6-6-6-4,4,496,4
2025/01/03,名古屋,6,Ｃ３組,1500,ダ,右,良,晴,11,6,6,フォルトシュリット,牝,4,54.0,478,-4,加藤誓,竹下太,,4,1:38.4,40.9,2-2-4-7,8,478,-4
2025/01/03,名古屋,6,Ｃ３組,1500,ダ,右,良,晴,11,8,10,レオニーノ,セ,0,56.0,499,-2,加藤聡,迫田清,,5,1:38.5,40.9,5-4-5-5,6,499,-2
2025/01/03,名古屋,6,Ｃ３組,1500,ダ,右,良,晴,11,8,11,ハクサンフラッシュ,牝,4,54.0,411,-7,友森翔,坂口義,,6,1:38.7,41.2,3-3-2-2,3,411,-7
2025/01/03,名古屋,6,Ｃ３組,1500,ダ,右,良,晴,11,7,9,ニホンピロラグーナ,牝,5,53.0,474,-2,望月洵,今津勝,,7,1:38.7,40.9,9-8-7-6,5,474,-2
2025/01/03,名古屋,6,Ｃ３組,1500,ダ,右,良,晴,11,6,7,リュウオウ,牡,9,56.0,487,2,山田祥,迫田清,,8,1:38.8,40.9,7-7-8-8,9,487,2
2025/01/03,名古屋,6,Ｃ３組,1500,ダ,右,良,晴,11,5,5,リジッドウイングス,牝,5,54.0,379,5,阪野学,塚田隆,,9,1:38.9,39.9,11-11-11-11,11,379,5
2025/01/03,名古屋,6,Ｃ３組,1500,ダ,右,良,晴,11,7,8,メビウス,牝,5,54.0,429,-1,加藤利,沖田明,,10,1:39.0,41.0,10-10-9-10,7,429,-1
2025/01/03,名古屋,6,Ｃ３組,1500,ダ,右,良,晴,11,2,2,キャッチザロマンス,牝,5,54.0,405,-3,大畑慧,地辺幸,,11,1:39.2,40.8,8-9-10-9,10,405,-3
2025/01/03,名古屋,7,Ｃ２組,1400,ダ,右,良,晴,11,8,10,エピックナイト,牡,4,56.0,484,8,村上弘,瀬戸悟,,1,1:30.5,38.3,6-6-4-1,1,484,8
2025/01/03,名古屋,7,Ｃ２組,1400,ダ,右,良,晴,11,6,7,ロアー,牝,4,53.0,455,-5,望月洵,坂口義,,2,1:31.1,39.1,2-2-2-2,3,455,-5
2025/01/03,名古屋,7,Ｃ２組,1400,ダ,右,良,晴,11,7,8,ダビディ,牡,5,56.0,498,-5,柿原翔,坂口義,,3,1:31.2,38.6,11-9-8-7,8,498,-5
2025/01/03,名古屋,7,Ｃ２組,1400,ダ,右,良,晴,11,6,6,ドレミフォン,牝,6,54.0,473,-1,加藤聡,安部幸,,4,1:31.2,39.0,5-5-5-5,6,473,-1
2025/01/03,名古屋,7,Ｃ２組,1400,ダ,右,良,晴,11,5,5,サンマイル,セ,0,56.0,443,1,丹羽克,井手慎,,5,1:31.3,39.1,4-4-6-4,5,443,1
2025/01/03,名古屋,7,Ｃ２組,1400,ダ,右,良,晴,11,3,3,ローゼオ,牡,7,56.0,470,-1,加藤誓,竹下太,,6,1:31.8,39.9,1-1-1-3,6,470,-1
2025/01/03,名古屋,7,Ｃ２組,1400,ダ,右,良,晴,11,4,4,シテイタイケツ,牡,5,56.0,467,-8,塚本征,迫田清,,7,1:32.0,39.2,10-10-10-9,4,467,-8
2025/01/03,名古屋,7,Ｃ２組,1400,ダ,右,良,晴,11,1,1,ギースバッハ,牝,4,54.0,439,-4,岡部誠,藤ケ人,,8,1:32.0,39.3,8-8-9-8,2,439,-4
2025/01/03,名古屋,7,Ｃ２組,1400,ダ,右,良,晴,11,7,9,エレダール,牡,6,56.0,478,4,横井将,倉地学,,9,1:32.1,40.1,3-3-3-6,10,478,4
2025/01/03,名古屋,7,Ｃ２組,1400,ダ,右,良,晴,11,2,2,アウグーリ,牝,5,52.0,405,-1,宮下瞳,藤ケ男,,10,1:32.6,39.5,9-11-11-10,9,405,-1
2025/01/03,名古屋,7,Ｃ２組,1400,ダ,右,良,晴,11,8,11,ニシノロゼ,牝,6,54.0,428,0,大原浩,原口次,,11,1:32.8,40.3,7-7-7-11,11,428,0
2025/01/03,名古屋,8,Ｂ７組,1500,ダ,右,良,晴,11,6,7,リルフロスト,牡,4,56.0,501,-7,岡部誠,藤ケ人,,1,1:36.9,38.8,2-2-2-1,1,501,-7
2025/01/03,名古屋,8,Ｂ７組,1500,ダ,右,良,晴,11,7,8,ダバイグラスノスチ,牡,5,56.0,491,1,今井貴,竹下太,,2,1:37.0,38.8,3-3-3-2,3,491,1
2025/01/03,名古屋,8,Ｂ７組,1500,ダ,右,良,晴,11,1,1,ブロードアクト,牝,5,54.0,479,1,大畑慧,竹下太,,3,1:37.7,38.8,8-6-6-4,2,479,1
2025/01/03,名古屋,8,Ｂ７組,1500,ダ,右,良,晴,11,3,3,ブルーテネーシャス,牡,5,56.0,500,6,大畑雅,倉地学,,4,1:37.9,39.0,5-4-5-5,5,500,6
2025/01/03,名古屋,8,Ｂ７組,1500,ダ,右,良,晴,11,2,2,イルデポート,牡,4,54.0,470,5,宮下瞳,瀬戸悟,,5,1:38.2,40.2,1-1-1-3,7,470,5
2025/01/03,名古屋,8,Ｂ７組,1500,ダ,右,良,晴,11,4,4,ナイルローズ,牝,7,54.0,503,-5,阪野学,井上哲,,6,1:38.2,39.2,6-7-7-6,9,503,-5
2025/01/03,名古屋,8,Ｂ７組,1500,ダ,右,良,晴,11,8,10,イブシギン,牡,5,56.0,447,-1,柿原翔,藤ケ男,,7,1:38.8,39.7,7-8-8-7,6,447,-1
2025/01/03,名古屋,8,Ｂ７組,1500,ダ,右,良,晴,11,5,5,ストレート,牝,5,54.0,440,1,加藤利,坂口義,,8,1:39.1,39.5,10-10-10-10,11,440,1
2025/01/03,名古屋,8,Ｂ７組,1500,ダ,右,良,晴,11,7,9,ロジメリオール,牡,5,56.0,436,-1,加藤聡,坂口義,,9,1:39.4,40.6,4-5-4-8,4,436,-1
2025/01/03,名古屋,8,Ｂ７組,1500,ダ,右,良,晴,11,6,6,チャチャヒメ,牝,7,54.0,471,7,加藤誓,竹下太,,10,1:39.7,40.2,9-9-9-9,10,471,7
2025/01/03,名古屋,8,Ｂ７組,1500,ダ,右,良,晴,11,8,11,ミヤビデロス,牡,5,56.0,482,10,村上弘,藤ケ男,,11,1:42.1,41.8,11-11-11-11,8,482,10
2025/01/03,名古屋,9,Ｂ６組,1700,ダ,右,良,晴,11,4,4,マイネルナラティヴ,牡,5,56.0,522,1,村上弘,竹下直,,1,1:51.0,38.4,9-6-6-4,2,522,1
2025/01/03,名古屋,9,Ｂ６組,1700,ダ,右,良,晴,11,2,2,ユメミゴコチ,牡,5,56.0,454,4,塚本征,榎屋充,,2,1:51.2,41.3,1-1-1-1,1,454,4
2025/01/03,名古屋,9,Ｂ６組,1700,ダ,右,良,晴,11,1,1,クロダブシ,牡,4,55.0,475,0,望月洵,藤ケ人,,3,1:51.6,39.4,6-5-4-3,3,475,0
2025/01/03,名古屋,9,Ｂ６組,1700,ダ,右,良,晴,11,6,7,オウケントップ,牡,7,56.0,497,3,柿原翔,藤ケ男,,4,1:52.1,39.4,7-8-7-6,5,497,3
2025/01/03,名古屋,9,Ｂ６組,1700,ダ,右,良,晴,11,7,9,トワキ,牡,5,54.0,476,-2,宮下瞳,宇都英,,5,1:52.1,40.0,4-3-3-5,6,476,-2
2025/01/03,名古屋,9,Ｂ６組,1700,ダ,右,良,晴,11,6,6,ネオアリシア,牝,5,54.0,434,-5,加藤聡,藤ケ男,,6,1:52.5,39.2,10-10-10-7,7,434,-5
2025/01/03,名古屋,9,Ｂ６組,1700,ダ,右,良,晴,11,8,11,フルーヴ,牝,5,54.0,432,-7,山田祥,井手慎,,7,1:53.1,40.2,5-7-8-8,8,432,-7
2025/01/03,名古屋,9,Ｂ６組,1700,ダ,右,良,晴,11,5,5,マイフォーエバー,牡,4,56.0,498,1,岡部誠,藤ケ人,,8,1:53.4,42.7,2-2-2-2,4,498,1
2025/01/03,名古屋,9,Ｂ６組,1700,ダ,右,良,晴,11,8,10,カフジリブラ,セ,0,56.0,456,-2,友森翔,塚田隆,,9,1:53.6,40.5,8-9-9-10,11,456,-2
2025/01/03,名古屋,9,Ｂ６組,1700,ダ,右,良,晴,11,3,3,ツクバマサカド,牡,8,56.0,510,3,阪野学,櫻井今,,10,1:54.0,40.3,11-11-11-11,10,510,3
2025/01/03,名古屋,9,Ｂ６組,1700,ダ,右,良,晴,11,7,8,ミニストリー,牝,5,54.0,453,-2,大畑慧,瀬戸悟,,11,2:00.8,48.5,3-3-5-9,9,453,-2
2025/01/03,名古屋,10,巳年特別Ａ６,1700,ダ,右,良,晴,8,1,1,タイクーンバゴ,牡,8,55.0,525,6,望月洵,竹下直,,1,1:50.2,38.0,2-4-4-2,1,525,6
2025/01/03,名古屋,10,巳年特別Ａ６,1700,ダ,右,良,晴,8,3,3,アベニンティアラ,牝,5,54.0,481,4,丹羽克,竹之昭,,2,1:50.7,38.8,1-1-1-1,2,481,4
2025/01/03,名古屋,10,巳年特別Ａ６,1700,ダ,右,良,晴,8,7,7,レッツゴーローズ,牝,5,54.0,488,-8,加藤聡,原口次,,3,1:50.9,38.8,4-3-3-5,3,488,-8
2025/01/03,名古屋,10,巳年特別Ａ６,1700,ダ,右,良,晴,8,2,2,インジェニアス,牡,6,56.0,511,3,今井貴,竹下直,,4,1:51.1,39.1,3-2-2-3,6,511,3
2025/01/03,名古屋,10,巳年特別Ａ６,1700,ダ,右,良,晴,8,5,5,ラブバイオレット,牝,5,54.0,478,3,岡部誠,沖田明,,5,1:51.4,39.0,7-6-6-6,4,478,3
2025/01/03,名古屋,10,巳年特別Ａ６,1700,ダ,右,良,晴,8,8,8,ホワイトパス,牡,9,56.0,442,-4,山田祥,地辺幸,,6,1:51.5,38.4,8-8-8-8,7,442,-4
2025/01/03,名古屋,10,巳年特別Ａ６,1700,ダ,右,良,晴,8,4,4,マスクトライ,セ,0,56.0,484,-8,丸野勝,今津博,,7,1:51.6,39.3,6-5-5-4,5,484,-8
2025/01/03,名古屋,10,巳年特別Ａ６,1700,ダ,右,良,晴,8,6,6,スリーヘリオス,セ,0,56.0,474,-3,阪野学,沖田明,,8,1:53.4,41.0,5-7-7-7,8,474,-3
2025/01/03,名古屋,11,尾張名古屋杯Ｃ,1500,ダ,右,良,晴,12,1,1,コルヴィル,牝,4,54.0,489,-1,細川智,角田輝,,1,1:35.8,38.8,1-2-2-1,1,489,-1
2025/01/03,名古屋,11,尾張名古屋杯Ｃ,1500,ダ,右,良,晴,12,7,10,シラカワノセキ,牡,4,56.0,466,5,塚本征,宇都英,,2,1:36.2,38.7,6-7-7-8,2,466,5
2025/01/03,名古屋,11,尾張名古屋杯Ｃ,1500,ダ,右,良,晴,12,3,3,ユアグローリー,牡,4,56.0,513,6,岡部誠,塚田隆,,3,1:36.6,39.5,5-3-3-3,4,513,6
2025/01/03,名古屋,11,尾張名古屋杯Ｃ,1500,ダ,右,良,晴,12,8,12,アトモスジブリール,牡,5,56.0,440,-2,加藤聡,原口次,,4,1:37.0,38.9,8-9-9-7,9,440,-2
2025/01/03,名古屋,11,尾張名古屋杯Ｃ,1500,ダ,右,良,晴,12,6,8,クイーンオーキッド,牝,5,54.0,407,-2,丸野勝,沖田明,,5,1:37.0,39.5,9-8-7-2,6,407,-2
2025/01/03,名古屋,11,尾張名古屋杯Ｃ,1500,ダ,右,良,晴,12,4,4,ナムライダテン,牡,7,56.0,509,-2,丹羽克,今津勝,,6,1:37.1,39.9,7-5-5-6,10,509,-2
2025/01/03,名古屋,11,尾張名古屋杯Ｃ,1500,ダ,右,良,晴,12,5,5,ピボット,牡,6,56.0,481,0,今井貴,藤ケ男,,7,1:37.4,39.0,11-10-10-10,7,481,0
2025/01/03,名古屋,11,尾張名古屋杯Ｃ,1500,ダ,右,良,晴,12,7,9,ハートループ,牝,5,54.0,478,6,横井将,坂口義,,8,1:37.5,40.8,2-1-1-4,8,478,6
2025/01/03,名古屋,11,尾張名古屋杯Ｃ,1500,ダ,右,良,晴,12,8,11,ダイユウグラフ,牝,4,54.0,476,-2,望月洵,沖田明,,9,1:37.9,40.4,4-6-6-9,5,476,-2
2025/01/03,名古屋,11,尾張名古屋杯Ｃ,1500,ダ,右,良,晴,12,5,6,フクノデイジー,牝,5,54.0,499,0,大畑慧,竹下太,,10,1:38.6,39.9,10-10-11-11,11,499,0
2025/01/03,名古屋,11,尾張名古屋杯Ｃ,1500,ダ,右,良,晴,12,6,7,フェルクアーサー,牡,6,56.0,493,8,宮下瞳,川西毅,,11,1:38.8,41.6,3-4-4-5,3,493,8
2025/01/03,名古屋,11,尾張名古屋杯Ｃ,1500,ダ,右,良,晴,12,2,2,ウワサノルイ,牡,4,56.0,450,0,加藤誓,荒巻透,,,,,,,450,0
2025/01/03,名古屋,12,しめ縄特別Ａ５,1500,ダ,右,良,晴,9,5,5,ブルーウィン,牝,5,53.0,459,0,望月洵,坂口義,,1,1:36.0,38.2,4-3-3-2,1,459,0
2025/01/03,名古屋,12,しめ縄特別Ａ５,1500,ダ,右,良,晴,9,6,6,ハングリーゴースト,セ,0,56.0,489,-5,岡部誠,藤ケ人,,2,1:36.1,38.3,5-5-4-4,2,489,-5
2025/01/03,名古屋,12,しめ縄特別Ａ５,1500,ダ,右,良,晴,9,7,7,サノプリ,牝,6,54.0,440,-1,加藤聡,竹下直,,3,1:36.1,37.5,7-7-7-5,3,440,-1
2025/01/03,名古屋,12,しめ縄特別Ａ５,1500,ダ,右,良,晴,9,1,1,トーセンジャック,牡,7,56.0,528,5,塚本征,櫻井今,,4,1:36.2,38.5,2-2-2-3,7,528,5
2025/01/03,名古屋,12,しめ縄特別Ａ５,1500,ダ,右,良,晴,9,4,4,カールポメロ,牝,5,54.0,461,0,丸野勝,地辺幸,,5,1:36.4,38.9,1-1-1-1,5,461,0
2025/01/03,名古屋,12,しめ縄特別Ａ５,1500,ダ,右,良,晴,9,8,9,デアベーゼブリック,牝,5,54.0,451,-1,山田祥,宇都英,,6,1:36.4,37.8,8-8-8-6,4,451,-1
2025/01/03,名古屋,12,しめ縄特別Ａ５,1500,ダ,右,良,晴,9,8,8,レアリーズレーヴ,牝,5,54.0,486,0,大畑雅,塚田隆,,7,1:36.9,37.9,9-9-9-8,6,486,0
2025/01/03,名古屋,12,しめ縄特別Ａ５,1500,ダ,右,良,晴,9,3,3,ニーケススマイル,牡,8,56.0,462,-3,阪野学,今津勝,,8,1:37.1,38.6,6-6-6-8,8,462,-3
2025/01/03,名古屋,12,しめ縄特別Ａ５,1500,ダ,右,良,晴,9,2,2,ミーハディビーナ,牝,8,54.0,443,-7,丹羽克,竹之昭,,9,1:39.2,41.2,3-3-5-7,9,443,-7
2025/01/04,名古屋,1,３歳５組,1500,ダ,右,良,晴,11,1,1,ホーススピリット,牡,3,56.0,536,2,大畑雅,今津勝,,1,1:38.3,39.4,1-1-1-1,4,536,2
2025/01/04,名古屋,1,３歳５組,1500,ダ,右,良,晴,11,4,4,ビップマリン,牝,3,52.0,393,13,木之葵,竹下直,,2,1:38.9,39.6,10-8-6-2,9,393,13
2025/01/04,名古屋,1,３歳５組,1500,ダ,右,良,晴,11,8,10,センノアバドン,牡,3,56.0,512,6,大原浩,今津勝,,3,1:39.1,39.9,5-6-5-5,8,512,6
2025/01/04,名古屋,1,３歳５組,1500,ダ,右,良,晴,11,8,11,アクウィエス,牡,3,56.0,442,-5,村上弘,瀬戸悟,,4,1:39.2,39.5,6-9-9-4,6,442,-5
2025/01/04,名古屋,1,３歳５組,1500,ダ,右,良,晴,11,3,3,エスパノーラ,牝,3,52.0,471,3,宮下瞳,原口次,,5,1:39.3,40.3,2-2-2-3,5,471,3
2025/01/04,名古屋,1,３歳５組,1500,ダ,右,良,晴,11,2,2,アルビス,牡,3,56.0,490,-6,細川智,藤ケ人,,6,1:39.7,39.4,11-11-11-10,10,490,-6
2025/01/04,名古屋,1,３歳５組,1500,ダ,右,良,晴,11,7,9,ベアイミュニティ,牡,3,55.0,480,2,望月洵,竹下直,,7,1:39.9,40.6,7-5-7-7,2,480,2
2025/01/04,名古屋,1,３歳５組,1500,ダ,右,良,晴,11,6,6,ユイノクニマレ,牡,3,56.0,433,-3,塚本征,迫田清,,8,1:40.0,41.0,3-3-3-6,1,433,-3
2025/01/04,名古屋,1,３歳５組,1500,ダ,右,良,晴,11,5,5,クリノスペリオル,牡,3,56.0,472,14,岡部誠,藤ケ人,,9,1:40.2,40.9,8-7-8-8,7,472,14
2025/01/04,名古屋,1,３歳５組,1500,ダ,右,良,晴,11,6,7,スパイスマン,牡,3,56.0,453,15,加藤聡,原口次,,10,1:40.4,41.2,4-4-4-9,3,453,15
2025/01/04,名古屋,1,３歳５組,1500,ダ,右,良,晴,11,7,8,ヒカルプリンセス,牝,3,54.0,416,2,阪野学,藤ケ男,,11,1:41.0,41.1,9-10-10-11,11,416,2
2025/01/04,名古屋,2,３歳４組,1500,ダ,右,良,晴,12,8,11,マウム,牝,3,54.0,403,-2,今井貴,川西毅,,1,1:38.0,40.2,3-3-2-1,2,403,-2
2025/01/04,名古屋,2,３歳４組,1500,ダ,右,良,晴,12,6,7,レベリオン,牡,3,56.0,474,-1,阪野学,櫻井今,,2,1:38.4,40.0,8-7-8-7,8,474,-1
2025/01/04,名古屋,2,３歳４組,1500,ダ,右,良,晴,12,1,1,キタノボンボヤージ,牡,3,55.0,447,13,望月洵,戸部尚,,3,1:38.4,40.6,1-1-2-2,1,447,13
2025/01/04,名古屋,2,３歳４組,1500,ダ,右,良,晴,12,7,9,ウィルポリス,牝,3,54.0,424,-5,塚本征,迫田清,,4,1:38.7,39.8,9-9-9-8,7,424,-5
2025/01/04,名古屋,2,３歳４組,1500,ダ,右,良,晴,12,4,4,ニシノゲルマニウム,牡,3,54.0,453,1,宮下瞳,宇都英,,5,1:38.7,40.9,2-2-1-3,5,453,1
2025/01/04,名古屋,2,３歳４組,1500,ダ,右,良,晴,12,7,10,ニシキホーク,牡,3,56.0,428,-6,丹羽克,錦見勇,,6,1:39.0,40.9,4-5-5-4,4,428,-6
2025/01/04,名古屋,2,３歳４組,1500,ダ,右,良,晴,12,3,3,アークショコラ,牝,3,54.0,412,-4,細川智,塚田隆,,7,1:39.2,40.0,11-10-10-9,10,412,-4
2025/01/04,名古屋,2,３歳４組,1500,ダ,右,良,晴,12,8,12,フクライキリシマ,牝,3,54.0,413,-2,友森翔,宇都英,,8,1:39.3,41.2,5-6-4-5,9,413,-2
2025/01/04,名古屋,2,３歳４組,1500,ダ,右,良,晴,12,5,5,ノーブルカグラ,牝,3,54.0,395,-1,丸野勝,倉地学,,9,1:39.4,38.6,12-12-12-12,3,395,-1
2025/01/04,名古屋,2,３歳４組,1500,ダ,右,良,晴,12,5,6,アサアール,牝,3,54.0,403,-7,加藤誓,竹下太,,10,1:39.6,41.5,6-4-6-6,6,403,-7
2025/01/04,名古屋,2,３歳４組,1500,ダ,右,良,晴,12,2,2,ノーシエスタ,牡,3,56.0,478,2,大原浩,藤ケ人,,11,1:40.5,41.2,10-11-11-11,12,478,2
2025/01/04,名古屋,2,３歳４組,1500,ダ,右,良,晴,12,6,8,ローズドゥレッシュ,牝,3,54.0,423,0,加藤聡,竹下太,,12,1:40.8,42.5,7-8-7-10,11,423,0
2025/01/04,名古屋,3,Ｃ１８組,920,ダ,右,良,晴,10,6,6,エラトステネス,牡,4,56.0,504,3,阪野学,荒巻透,,1,0:57.0,37.2,1-1,8,504,3
2025/01/04,名古屋,3,Ｃ１８組,920,ダ,右,良,晴,10,7,7,ブルパーチェ,セ,0,56.0,497,10,塚本征,迫田清,,2,0:57.4,37.6,2-2,1,497,10
2025/01/04,名古屋,3,Ｃ１８組,920,ダ,右,良,晴,10,1,1,アップイージス,牝,5,54.0,476,0,今井貴,迫田清,,3,0:57.4,37.1,4-3,7,476,0
2025/01/04,名古屋,3,Ｃ１８組,920,ダ,右,良,晴,10,7,8,ザッフェラーノ,牡,4,56.0,482,-2,大原浩,成田明,,4,0:57.5,37.5,3-4,2,482,-2
2025/01/04,名古屋,3,Ｃ１８組,920,ダ,右,良,晴,10,3,3,ビックピカンテ,牝,4,54.0,416,3,丸野勝,今津博,,5,0:57.8,36.9,10-7,3,416,3
2025/01/04,名古屋,3,Ｃ１８組,920,ダ,右,良,晴,10,8,9,サントロペ,牝,4,54.0,484,1,大畑雅,安部幸,,6,0:57.8,37.6,5-5,6,484,1
2025/01/04,名古屋,3,Ｃ１８組,920,ダ,右,良,晴,10,5,5,ポーラーサンダー,牡,5,56.0,464,-1,村上弘,瀬戸悟,,7,0:58.0,36.9,8-9,9,464,-1
2025/01/04,名古屋,3,Ｃ１８組,920,ダ,右,良,晴,10,4,4,ナムラモナ,牝,4,53.0,429,-1,望月洵,宇都英,,8,0:58.3,37.7,6-8,5,429,-1
2025/01/04,名古屋,3,Ｃ１８組,920,ダ,右,良,晴,10,2,2,ベッラフロー,牝,5,54.0,431,-23,丹羽克,錦見勇,,9,0:58.5,37.9,7-6,10,431,-23
2025/01/04,名古屋,3,Ｃ１８組,920,ダ,右,良,晴,10,8,10,ヴォルスパシアル,セ,0,56.0,524,6,横井将,坂口義,,10,0:58.7,37.7,9-10,4,524,6
2025/01/04,名古屋,4,Ｃ１７組,1500,ダ,右,良,晴,10,1,1,ツマヤ,牡,4,56.0,542,7,塚本征,角田輝,,1,1:37.0,39.1,4-2-2-1,1,542,7
2025/01/04,名古屋,4,Ｃ１７組,1500,ダ,右,良,晴,10,7,7,ジュンフィレンツェ,牡,4,55.0,513,-2,望月洵,迫田清,,2,1:37.7,39.6,5-5-4-2,3,513,-2
2025/01/04,名古屋,4,Ｃ１７組,1500,ダ,右,良,晴,10,6,6,キタノポリッシュ,牝,4,54.0,419,-4,友森翔,榎屋充,,3,1:37.9,39.7,6-6-6-5,7,419,-4
2025/01/04,名古屋,4,Ｃ１７組,1500,ダ,右,良,晴,10,5,5,シャイニングローズ,牝,4,54.0,467,-4,今井貴,原口次,,4,1:38.1,40.0,3-4-5-6,2,467,-4
2025/01/04,名古屋,4,Ｃ１７組,1500,ダ,右,良,晴,10,3,3,ウォーオブサウンド,牡,4,54.0,519,-1,木之葵,榎屋充,,5,1:38.2,40.3,2-3-3-3,4,519,-1
2025/01/04,名古屋,4,Ｃ１７組,1500,ダ,右,良,晴,10,8,9,バビロン,牡,4,56.0,431,2,加藤聡,原口次,,6,1:38.3,39.1,10-9-9-8,5,431,2
2025/01/04,名古屋,4,Ｃ１７組,1500,ダ,右,良,晴,10,8,10,ユーバーファル,牡,9,56.0,533,2,村上弘,竹下直,,7,1:38.6,39.4,9-10-10-10,9,533,2
2025/01/04,名古屋,4,Ｃ１７組,1500,ダ,右,良,晴,10,4,4,サマリンダ,牝,4,54.0,419,0,山田祥,荒巻透,,8,1:38.8,39.9,7-8-7-7,10,419,0
2025/01/04,名古屋,4,Ｃ１７組,1500,ダ,右,良,晴,10,7,8,アップモンスター,牝,6,54.0,468,-1,細川智,迫田清,,9,1:39.2,40.3,8-7-8-9,8,468,-1
2025/01/04,名古屋,4,Ｃ１７組,1500,ダ,右,良,晴,10,2,2,シスコスター,牝,4,54.0,467,-13,大畑慧,倉地学,,10,1:39.6,41.7,1-1-1-4,6,467,-13
2025/01/04,名古屋,5,Ｃ１６組,1500,ダ,右,良,晴,10,2,2,ヘルト,牡,4,56.0,440,-4,加藤聡,角田輝,,1,1:37.6,38.9,4-4-5-1,1,440,-4
2025/01/04,名古屋,5,Ｃ１６組,1500,ダ,右,良,晴,10,7,8,ラビオンアスール,牡,7,55.0,421,-2,望月洵,藤ケ男,,2,1:37.9,39.1,6-5-7-5,3,421,-2
2025/01/04,名古屋,5,Ｃ１６組,1500,ダ,右,良,晴,10,8,9,レイジングウェイブ,牡,5,56.0,507,1,加藤誓,今津博,,3,1:38.0,39.3,5-6-4-6,6,507,1
2025/01/04,名古屋,5,Ｃ１６組,1500,ダ,右,良,晴,10,7,7,クールシェリー,牝,4,54.0,435,-7,丹羽克,錦見勇,,4,1:38.2,39.7,3-3-3-4,7,435,-7
2025/01/04,名古屋,5,Ｃ１６組,1500,ダ,右,良,晴,10,3,3,ダイノハイド,牝,4,54.0,468,1,大畑慧,竹下太,,5,1:38.3,39.3,9-8-8-8,2,468,1
2025/01/04,名古屋,5,Ｃ１６組,1500,ダ,右,良,晴,10,5,5,イズジョーゴモリー,牝,4,52.0,470,2,宮下瞳,瀬戸悟,,6,1:38.4,39.9,1-1-1-2,5,470,2
2025/01/04,名古屋,5,Ｃ１６組,1500,ダ,右,良,晴,10,6,6,プロメッサ,牝,4,54.0,463,-6,阪野学,今津勝,,7,1:38.4,39.9,2-2-2-3,8,463,-6
2025/01/04,名古屋,5,Ｃ１６組,1500,ダ,右,良,晴,10,4,4,キタノラトゥール,牡,4,54.0,486,-4,木之葵,沖田明,,8,1:38.6,39.8,7-7-6-7,4,486,-4
2025/01/04,名古屋,5,Ｃ１６組,1500,ダ,右,良,晴,10,1,1,ジェネレート,牝,4,54.0,423,4,細川智,植松則,,9,1:39.2,40.1,8-10-9-9,9,423,4
2025/01/04,名古屋,5,Ｃ１６組,1500,ダ,右,良,晴,10,8,10,クラウンモチーフ,牝,5,54.0,432,-7,加藤利,錦見勇,,10,1:39.7,40.5,10-9-10-10,10,432,-7
2025/01/04,名古屋,6,Ｃ１５組,1500,ダ,右,良,晴,10,1,1,アルーリングソレル,牝,4,54.0,461,3,丹羽克,沖田明,,1,1:36.4,39.1,1-1-1-1,1,461,3
2025/01/04,名古屋,6,Ｃ１５組,1500,ダ,右,良,晴,10,6,6,レッグスルー,牡,4,56.0,436,0,村上弘,瀬戸悟,,2,1:36.5,38.8,4-4-4-2,3,436,0
2025/01/04,名古屋,6,Ｃ１５組,1500,ダ,右,良,晴,10,7,8,アークプルミエ,牡,4,56.0,467,1,友森翔,塚田隆,,3,1:36.5,38.5,6-5-6-5,2,467,1
2025/01/04,名古屋,6,Ｃ１５組,1500,ダ,右,良,晴,10,8,9,サンチャップリン,セ,0,54.0,567,-13,宮下瞳,井手慎,,4,1:37.1,39.1,5-5-5-6,7,567,-13
2025/01/04,名古屋,6,Ｃ１５組,1500,ダ,右,良,晴,10,7,7,ウォーターアレ,牡,4,56.0,467,0,今井貴,塚田隆,,5,1:37.3,39.9,3-3-3-4,4,467,0
2025/01/04,名古屋,6,Ｃ１５組,1500,ダ,右,良,晴,10,8,10,ピアレイジレディ,牝,4,54.0,427,-2,塚本征,櫻井今,,6,1:37.5,38.9,8-8-8-8,6,427,-2
2025/01/04,名古屋,6,Ｃ１５組,1500,ダ,右,良,晴,10,2,2,コープスリバイバー,牝,4,54.0,431,-2,岡部誠,藤ケ人,,7,1:37.7,40.3,2-2-2-3,5,431,-2
2025/01/04,名古屋,6,Ｃ１５組,1500,ダ,右,良,晴,10,3,3,スノーピーコック,牝,4,53.0,457,-3,望月洵,櫻井今,,8,1:37.9,39.6,7-7-7-7,8,457,-3
2025/01/04,名古屋,6,Ｃ１５組,1500,ダ,右,良,晴,10,5,5,サンデンガンバレ,牝,6,54.0,504,3,大畑雅,塚田隆,,9,1:38.3,39.2,10-10-9-9,9,504,3
2025/01/04,名古屋,6,Ｃ１５組,1500,ダ,右,良,晴,10,4,4,ワンオブアカインド,牡,6,56.0,438,-1,阪野学,塚田隆,,10,1:39.8,40.6,9-9-10-10,10,438,-1
2025/01/04,名古屋,7,こま回し賞Ｂ９,1400,ダ,右,良,晴,9,3,3,リーサムギニー,牡,4,56.0,507,2,塚本征,角田輝,,1,1:29.5,39.3,1-2-2-1,1,507,2
2025/01/04,名古屋,7,こま回し賞Ｂ９,1400,ダ,右,良,晴,9,8,8,カルデア,牡,4,56.0,469,2,村上弘,宇都英,,2,1:29.7,38.5,7-3-3-4,3,469,2
2025/01/04,名古屋,7,こま回し賞Ｂ９,1400,ダ,右,良,晴,9,4,4,ソツナサ,セ,0,56.0,444,-8,加藤聡,川西毅,,3,1:29.9,38.4,8-6-6-3,2,444,-8
2025/01/04,名古屋,7,こま回し賞Ｂ９,1400,ダ,右,良,晴,9,6,6,キューピッズアロー,牝,6,54.0,451,-2,丹羽克,沖田明,,4,1:30.1,38.6,5-7-5-6,7,451,-2
2025/01/04,名古屋,7,こま回し賞Ｂ９,1400,ダ,右,良,晴,9,7,7,ヌンカプト,牡,8,56.0,481,4,大畑雅,今津勝,,5,1:30.2,38.5,9-9-9-8,8,481,4
2025/01/04,名古屋,7,こま回し賞Ｂ９,1400,ダ,右,良,晴,9,5,5,トントンプー,牡,4,56.0,476,0,大畑慧,荒巻透,,6,1:30.2,38.7,6-4-7-7,6,476,0
2025/01/04,名古屋,7,こま回し賞Ｂ９,1400,ダ,右,良,晴,9,2,2,ハクサンソヌス,牝,4,53.0,439,-9,望月洵,櫻井今,,7,1:30.5,39.1,3-5-4-5,4,439,-9
2025/01/04,名古屋,7,こま回し賞Ｂ９,1400,ダ,右,良,晴,9,1,1,エイシンゼータ,牝,5,54.0,482,1,岡部誠,藤ケ人,,8,1:31.2,41.1,2-1-1-2,5,482,1
2025/01/04,名古屋,7,こま回し賞Ｂ９,1400,ダ,右,良,晴,9,8,9,シャランガーナ,牡,6,56.0,490,1,細川智,坂口義,,9,1:31.8,40.3,4-8-8-9,9,490,1
2025/01/04,名古屋,8,凧あげ賞Ｂ８,1500,ダ,右,良,晴,10,7,8,ユズノキ,牝,4,54.0,469,-6,今井貴,竹下直,,1,1:36.2,38.0,3-3-2-2,1,469,-6
2025/01/04,名古屋,8,凧あげ賞Ｂ８,1500,ダ,右,良,晴,10,3,3,イナズマライン,牝,4,53.0,423,1,望月洵,井上哲,,2,1:36.2,37.8,4-4-4-1,2,423,1
2025/01/04,名古屋,8,凧あげ賞Ｂ８,1500,ダ,右,良,晴,10,7,7,ルクスシュナイダー,牡,5,56.0,516,2,村上弘,今津勝,,3,1:36.3,37.9,6-6-5-4,3,516,2
2025/01/04,名古屋,8,凧あげ賞Ｂ８,1500,ダ,右,良,晴,10,8,10,タマモサウルス,牡,6,56.0,449,-1,丹羽克,錦見勇,,4,1:36.8,38.3,5-5-6-5,6,449,-1
2025/01/04,名古屋,8,凧あげ賞Ｂ８,1500,ダ,右,良,晴,10,2,2,ソングフォーマーヤ,牝,6,54.0,473,-1,塚本征,櫻井今,,5,1:36.9,38.0,8-8-7-8,8,473,-1
2025/01/04,名古屋,8,凧あげ賞Ｂ８,1500,ダ,右,良,晴,10,1,1,スターライトブルー,牡,11,55.0,512,1,長江慶,井上哲,,6,1:37.0,38.7,2-2-3-6,9,512,1
2025/01/04,名古屋,8,凧あげ賞Ｂ８,1500,ダ,右,良,晴,10,8,9,ツカサトレイン,牝,6,54.0,496,-5,大畑雅,錦見勇,,7,1:37.5,39.4,1-1-1-3,5,496,-5
2025/01/04,名古屋,8,凧あげ賞Ｂ８,1500,ダ,右,良,晴,10,4,4,ノーブルガルフ,牡,6,56.0,487,-6,大畑慧,倉地学,,8,1:37.8,38.7,9-9-9-7,7,487,-6
2025/01/04,名古屋,8,凧あげ賞Ｂ８,1500,ダ,右,良,晴,10,6,6,クロステック,牡,6,56.0,510,13,岡部誠,藤ケ人,,9,1:38.1,39.1,7-7-8-9,4,510,13
2025/01/04,名古屋,8,凧あげ賞Ｂ８,1500,ダ,右,良,晴,10,5,5,ヤマチョウヴォイス,牡,9,54.0,0,0,木之葵,榎屋充,,,,,,,0,0
2025/01/04,名古屋,9,羽根つき特別Ａ２,1700,ダ,右,良,晴,8,6,6,クフィール,牡,5,56.0,513,0,加藤聡,今津博,,1,1:49.2,38.5,2-2-1-1,1,513,0
2025/01/04,名古屋,9,羽根つき特別Ａ２,1700,ダ,右,良,晴,8,3,3,エルナーニ,牡,5,56.0,523,-8,丸野勝,安部幸,,2,1:49.4,36.6,8-8-8-5,2,523,-8
2025/01/04,名古屋,9,羽根つき特別Ａ２,1700,ダ,右,良,晴,8,8,8,セイヴァリアント,牡,9,56.0,511,-5,塚本征,安部幸,,3,1:49.5,38.3,4-4-4-3,3,511,-5
2025/01/04,名古屋,9,羽根つき特別Ａ２,1700,ダ,右,良,晴,8,7,7,キージュピター,牡,6,56.0,506,0,今井貴,川西毅,,4,1:49.7,38.8,3-3-3-2,4,506,0
2025/01/04,名古屋,9,羽根つき特別Ａ２,1700,ダ,右,良,晴,8,5,5,セイエクシード,牡,7,56.0,467,-1,村上弘,安部幸,,5,1:50.4,38.3,7-6-6-6,8,467,-1
2025/01/04,名古屋,9,羽根つき特別Ａ２,1700,ダ,右,良,晴,8,2,2,ゴールドスノー,牝,6,54.0,467,-5,友森翔,塚田隆,,6,1:50.9,40.0,1-1-2-4,5,467,-5
2025/01/04,名古屋,9,羽根つき特別Ａ２,1700,ダ,右,良,晴,8,1,1,ケンドチョウライ,牝,5,54.0,417,-2,大畑慧,坂口義,,7,1:51.2,38.9,6-6-7-8,7,417,-2
2025/01/04,名古屋,9,羽根つき特別Ａ２,1700,ダ,右,良,晴,8,4,4,ダンシングラブリー,牝,5,52.0,482,-4,宮下瞳,竹下太,,8,1:52.7,40.6,5-5-5-7,6,482,-4
2025/01/04,名古屋,10,Ｃ１４組,1500,ダ,右,良,晴,11,8,11,キタノダロマ,牡,6,56.0,481,-2,今井貴,宮本仁,,1,1:37.0,38.8,2-2-2-1,3,481,-2
2025/01/04,名古屋,10,Ｃ１４組,1500,ダ,右,良,晴,11,4,4,スカイダンスタイム,牝,4,54.0,448,6,細川智,宇都英,,2,1:37.9,39.4,3-3-4-5,1,448,6
2025/01/04,名古屋,10,Ｃ１４組,1500,ダ,右,良,晴,11,7,8,ヤモリアツマレ,牡,4,56.0,447,5,丹羽克,錦見勇,,3,1:37.9,39.5,4-4-3-3,2,447,5
2025/01/04,名古屋,10,Ｃ１４組,1500,ダ,右,良,晴,11,8,10,ロイドバローズ,牡,4,56.0,474,-12,山田祥,地辺幸,,4,1:38.2,39.3,9-7-7-7,6,474,-12
2025/01/04,名古屋,10,Ｃ１４組,1500,ダ,右,良,晴,11,7,9,タマモワンカラット,牝,4,52.0,461,-6,木之葵,今津勝,,5,1:38.2,40.1,1-1-1-2,4,461,-6
2025/01/04,名古屋,10,Ｃ１４組,1500,ダ,右,良,晴,11,2,2,アイファーグラッド,牝,5,54.0,460,-7,大畑雅,井手慎,,6,1:38.2,39.2,11-9-8-4,7,460,-7
2025/01/04,名古屋,10,Ｃ１４組,1500,ダ,右,良,晴,11,5,5,フークベルエ,牝,4,52.0,445,-2,宮下瞳,瀬戸悟,,7,1:38.3,39.4,7-8-6-6,5,445,-2
2025/01/04,名古屋,10,Ｃ１４組,1500,ダ,右,良,晴,11,6,7,ブラヴォージャパン,牝,4,54.0,414,3,加藤聡,原口次,,8,1:39.6,40.4,8-11-11-9,9,414,3
2025/01/04,名古屋,10,Ｃ１４組,1500,ダ,右,良,晴,11,6,6,キアンクラッシコ,牝,4,54.0,436,-3,加藤誓,藤ケ男,,9,1:39.7,40.7,10-10-9-10,11,436,-3
2025/01/04,名古屋,10,Ｃ１４組,1500,ダ,右,良,晴,11,1,1,エイシンイレブン,牡,7,56.0,380,-4,塚本征,櫻井今,,10,1:40.0,41.3,6-5-5-8,10,380,-4
2025/01/04,名古屋,10,Ｃ１４組,1500,ダ,右,良,晴,11,3,3,ダバイポセイドン,牡,4,56.0,479,-2,岡部誠,竹下太,,11,1:41.7,42.5,5-6-10-11,8,479,-2
2025/01/04,名古屋,11,名古屋記念オープン,1500,ダ,右,良,晴,12,2,2,メルト,牡,6,57.0,508,0,細川智,角田輝,,1,1:33.9,37.0,11-6-5-2,5,508,0
2025/01/04,名古屋,11,名古屋記念オープン,1500,ダ,右,良,晴,12,5,6,セイルオンセイラー,セ,0,57.0,500,2,友森翔,塚田隆,,2,1:33.9,37.6,1-1-1-1,1,500,2
2025/01/04,名古屋,11,名古屋記念オープン,1500,ダ,右,良,晴,12,7,9,ミトノウォリアー,セ,0,57.0,473,0,岡部誠,角田輝,,3,1:34.1,37.5,2-2-2-3,3,473,0
2025/01/04,名古屋,11,名古屋記念オープン,1500,ダ,右,良,晴,12,6,7,フレスコバルディ,セ,0,57.0,460,-4,丹羽克,沖田明,,4,1:34.3,36.7,10-8-8-6,8,460,-4
2025/01/04,名古屋,11,名古屋記念オープン,1500,ダ,右,良,晴,12,3,3,ロードランヴェルセ,セ,0,57.0,490,2,村上弘,坂口義,,5,1:35.0,37.7,7-7-7-6,11,490,2
2025/01/04,名古屋,11,名古屋記念オープン,1500,ダ,右,良,晴,12,5,5,ハクサンスプリング,牡,7,57.0,454,-5,阪野学,櫻井今,,6,1:35.3,37.3,9-10-10-10,9,454,-5
2025/01/04,名古屋,11,名古屋記念オープン,1500,ダ,右,良,晴,12,8,11,ハディア,牡,8,57.0,484,1,今井貴,今津博,,7,1:35.4,38.4,4-5-6-4,6,484,1
2025/01/04,名古屋,11,名古屋記念オープン,1500,ダ,右,良,晴,12,4,4,インペリシャブル,牡,8,57.0,483,-4,丸野勝,角田輝,,8,1:35.4,38.6,5-4-4-5,2,483,-4
2025/01/04,名古屋,11,名古屋記念オープン,1500,ダ,右,良,晴,12,1,1,プリメイラ,牝,4,55.0,456,-3,望月洵,宇都英,,9,1:35.7,38.9,3-3-3-6,4,456,-3
2025/01/04,名古屋,11,名古屋記念オープン,1500,ダ,右,良,晴,12,8,12,フォルツァエフ,牡,10,57.0,487,-6,加藤聡,迫田清,,10,1:35.7,36.7,12-12-12-11,10,487,-6
2025/01/04,名古屋,11,名古屋記念オープン,1500,ダ,右,良,晴,12,7,10,アイスマン,牡,7,57.0,469,2,塚本征,迫田清,,11,1:35.8,37.9,8-11-9-9,7,469,2
2025/01/04,名古屋,11,名古屋記念オープン,1500,ダ,右,良,晴,12,6,8,エイシンビジョン,牡,12,57.0,454,3,長江慶,井上哲,,12,1:38.3,40.1,6-9-11-12,12,454,3
2025/01/04,名古屋,12,Ｃ１３組,1400,ダ,右,良,晴,11,7,9,キャンディタフト,牝,4,54.0,397,-2,阪野学,坂口義,,1,1:30.8,38.4,10-9-8-6,1,397,-2
2025/01/04,名古屋,12,Ｃ１３組,1400,ダ,右,良,晴,11,6,6,メイショウラピッド,牝,7,52.0,478,3,宮下瞳,地辺幸,,2,1:30.9,39.7,2-2-2-2,9,478,3
2025/01/04,名古屋,12,Ｃ１３組,1400,ダ,右,良,晴,11,4,4,ドリームグロウ,牝,6,54.0,527,-1,丹羽克,沖田明,,3,1:31.0,39.0,8-7-6-5,8,527,-1
2025/01/04,名古屋,12,Ｃ１３組,1400,ダ,右,良,晴,11,7,8,クリノフロンティア,牡,4,56.0,448,-1,加藤聡,原口次,,4,1:31.0,39.8,3-3-3-3,2,448,-1
2025/01/04,名古屋,12,Ｃ１３組,1400,ダ,右,良,晴,11,3,3,ソハヤ,セ,0,55.0,427,3,望月洵,瀬戸悟,,5,1:31.1,39.2,6-5-5-4,3,427,3
2025/01/04,名古屋,12,Ｃ１３組,1400,ダ,右,良,晴,11,5,5,モズスナイパー,牡,5,56.0,516,-6,大畑慧,竹下直,,6,1:31.4,40.3,1-1-1-1,4,516,-6
2025/01/04,名古屋,12,Ｃ１３組,1400,ダ,右,良,晴,11,6,7,トウシンイマジ,牡,6,56.0,473,2,細川智,坂口義,,7,1:32.1,39.5,9-10-9-8,7,473,2
2025/01/04,名古屋,12,Ｃ１３組,1400,ダ,右,良,晴,11,1,1,エスケイプラン,牡,4,56.0,510,-1,友森翔,塚田隆,,8,1:32.7,39.9,11-11-11-10,5,510,-1
2025/01/04,名古屋,12,Ｃ１３組,1400,ダ,右,良,晴,11,2,2,アンガイガンバルド,牡,8,56.0,489,3,大原浩,宮本仁,,9,1:33.8,41.7,7-6-7-9,11,489,3
2025/01/04,名古屋,12,Ｃ１３組,1400,ダ,右,良,晴,11,8,11,ピナーカ,牡,4,56.0,480,-2,大畑雅,沖田明,,10,1:34.0,42.7,4-4-4-7,6,480,-2
2025/01/04,名古屋,12,Ｃ１３組,1400,ダ,右,良,晴,11,8,10,アイファームーラン,牝,6,54.0,435,-10,加藤誓,竹下太,,11,1:34.5,41.9,5-8-10-11,10,435,-10
2025/01/06,名古屋,1,３歳７組,920,ダ,右,稍重,雨,10,2,2,パープルルージュ,牝,3,54.0,0,0,岡部誠,安部幸,,1,0:57.2,37.1,1-1,1,0,0
2025/01/06,名古屋,1,３歳７組,920,ダ,右,稍重,雨,10,6,6,ワンダーブギ,牡,3,56.0,456,-5,友森翔,宇都英,,2,0:58.6,38.1,7-6,2,456,-5
2025/01/06,名古屋,1,３歳７組,920,ダ,右,稍重,雨,10,5,5,イトシナ,牝,3,54.0,412,-7,丸野勝,井手慎,,3,0:58.6,38.4,2-2,6,412,-7
2025/01/06,名古屋,1,３歳７組,920,ダ,右,稍重,雨,10,3,3,プリティペル,牝,3,52.0,376,-2,木之葵,榎屋充,,4,0:58.8,38.2,6-5,4,376,-2
2025/01/06,名古屋,1,３歳７組,920,ダ,右,稍重,雨,10,7,8,スマートエラブル,牝,3,54.0,433,-1,丹羽克,錦見勇,,5,0:58.9,38.7,3-4,3,433,-1
2025/01/06,名古屋,1,３歳７組,920,ダ,右,稍重,雨,10,8,10,シラガゾメ,牝,3,53.0,433,0,望月洵,坂口義,,6,0:58.9,38.7,4-3,5,433,0
2025/01/06,名古屋,1,３歳７組,920,ダ,右,稍重,雨,10,7,7,フィオリーレ,牝,3,54.0,452,-1,加藤利,沖田明,,7,0:59.1,37.5,10-10,7,452,-1
2025/01/06,名古屋,1,３歳７組,920,ダ,右,稍重,雨,10,1,1,タクティカ,牝,3,54.0,460,-1,大畑慧,倉地学,,8,0:59.2,38.3,8-7,8,460,-1
2025/01/06,名古屋,1,３歳７組,920,ダ,右,稍重,雨,10,4,4,ルミノーゾ,牡,3,56.0,413,-8,加藤聡,地辺幸,,9,0:59.5,38.4,9-9,9,413,-8
2025/01/06,名古屋,1,３歳７組,920,ダ,右,稍重,雨,10,8,9,マリナイズマイール,牝,3,54.0,420,-5,細川智,沖田明,,10,1:00.4,39.8,5-8,10,420,-5
2025/01/06,名古屋,2,３歳６組,1500,ダ,右,稍重,雨,11,2,2,ユメウラナイ,牝,3,53.0,457,-14,望月洵,原口次,,1,1:39.5,41.2,7-1-1-1,1,457,-14
2025/01/06,名古屋,2,３歳６組,1500,ダ,右,稍重,雨,11,8,10,マルモリアクティブ,牝,3,54.0,449,-7,塚本征,川西毅,,2,1:39.6,40.6,5-7-7-4,4,449,-7
2025/01/06,名古屋,2,３歳６組,1500,ダ,右,稍重,雨,11,6,6,ファイネストタイム,牝,3,54.0,425,1,友森翔,竹下直,,3,1:40.0,41.0,8-8-5-3,8,425,1
2025/01/06,名古屋,2,３歳６組,1500,ダ,右,稍重,雨,11,1,1,ツキカゲ,牝,3,54.0,429,-1,加藤聡,井手慎,,4,1:40.1,40.3,11-11-10-8,5,429,-1
2025/01/06,名古屋,2,３歳６組,1500,ダ,右,稍重,雨,11,7,8,ミチシルベ,牝,3,54.0,384,-9,大畑慧,倉地学,,5,1:40.2,40.9,9-9-9-5,6,384,-9
2025/01/06,名古屋,2,３歳６組,1500,ダ,右,稍重,雨,11,6,7,エンジェルナンバー,牝,3,54.0,455,22,大畑雅,宇都英,,6,1:40.2,41.7,2-3-2-2,2,455,22
2025/01/06,名古屋,2,３歳６組,1500,ダ,右,稍重,雨,11,8,11,シルバーコムコム,牝,3,54.0,436,-7,加藤誓,倉地学,,7,1:40.9,41.9,6-6-6-7,7,436,-7
2025/01/06,名古屋,2,３歳６組,1500,ダ,右,稍重,雨,11,3,3,ヒカルフェアリー,牝,3,52.0,418,-15,木之葵,榎屋充,,8,1:41.0,42.5,1-2-3-6,3,418,-15
2025/01/06,名古屋,2,３歳６組,1500,ダ,右,稍重,雨,11,4,4,ヤマサークル,牝,3,54.0,444,7,加藤利,錦見勇,,9,1:41.9,42.8,4-5-8-9,11,444,7
2025/01/06,名古屋,2,３歳６組,1500,ダ,右,稍重,雨,11,7,9,アストロガイア,牝,3,54.0,382,-4,細川智,藤ケ人,,10,1:43.2,44.4,3-4-4-10,9,382,-4
2025/01/06,名古屋,2,３歳６組,1500,ダ,右,稍重,雨,11,5,5,アララッコ,牡,3,56.0,417,13,村上弘,藤ケ男,,11,1:45.7,45.7,10-10-11-11,10,417,13
2025/01/06,名古屋,3,Ｃ１２組,920,ダ,右,稍重,雨,11,4,4,オイデメセ,牝,4,52.0,450,0,木之葵,植松則,,1,0:56.0,36.4,2-2,5,450,0
2025/01/06,名古屋,3,Ｃ１２組,920,ダ,右,稍重,雨,11,7,8,レアリザシオン,セ,0,56.0,509,-2,大畑慧,荒巻透,,2,0:56.1,36.6,1-1,2,509,-2
2025/01/06,名古屋,3,Ｃ１２組,920,ダ,右,稍重,雨,11,3,3,ビービーピケット,牝,4,54.0,408,-4,塚本征,戸部尚,,3,0:56.9,37.0,6-3,1,408,-4
2025/01/06,名古屋,3,Ｃ１２組,920,ダ,右,稍重,雨,11,7,9,チークルージュ,牝,5,53.0,438,-1,望月洵,竹下太,,4,0:57.1,37.2,3-4,4,438,-1
2025/01/06,名古屋,3,Ｃ１２組,920,ダ,右,稍重,雨,11,8,10,アースヒロイン,牝,4,54.0,448,0,大畑雅,倉地学,,5,0:57.4,37.2,8-5,10,448,0
2025/01/06,名古屋,3,Ｃ１２組,920,ダ,右,稍重,雨,11,6,7,ノース,牡,4,56.0,443,0,大原浩,錦見勇,,6,0:57.4,36.9,9-7,8,443,0
2025/01/06,名古屋,3,Ｃ１２組,920,ダ,右,稍重,雨,11,8,11,クリノサクセス,牝,5,54.0,442,-9,岡部誠,井手慎,,7,0:57.5,37.3,4-7,3,442,-9
2025/01/06,名古屋,3,Ｃ１２組,920,ダ,右,稍重,雨,11,6,6,ヘブンズサウンド,牡,4,56.0,425,4,加藤誓,竹下太,,8,0:57.6,37.1,7-9,6,425,4
2025/01/06,名古屋,3,Ｃ１２組,920,ダ,右,稍重,雨,11,5,5,サンヨウマイム,牝,4,54.0,425,-1,阪野学,今津勝,,9,0:57.9,37.6,5-6,9,425,-1
2025/01/06,名古屋,3,Ｃ１２組,920,ダ,右,稍重,雨,11,1,1,サウザンパンチ,牡,5,55.0,438,1,長江慶,錦見勇,,10,0:58.5,37.6,10-10,7,438,1
2025/01/06,名古屋,3,Ｃ１２組,920,ダ,右,稍重,雨,11,2,2,エストラーダ,セ,0,56.0,469,1,加藤聡,井手慎,,11,1:00.6,38.6,11-11,11,469,1
2025/01/06,名古屋,4,Ｃ１１組,1500,ダ,右,稍重,雨,11,3,3,メードス,牡,4,56.0,504,-2,丸野勝,角田輝,,1,1:38.4,41.2,7-3-3-1,4,504,-2
2025/01/06,名古屋,4,Ｃ１１組,1500,ダ,右,稍重,雨,11,6,7,ケルンピュール,牝,4,54.0,455,-6,阪野学,戸部尚,,2,1:38.4,39.3,11-11-11-9,5,455,-6
2025/01/06,名古屋,4,Ｃ１１組,1500,ダ,右,稍重,雨,11,6,6,エウロス,牡,4,56.0,459,6,村上弘,坂口義,,3,1:38.5,41.3,2-2-2-2,3,459,6
2025/01/06,名古屋,4,Ｃ１１組,1500,ダ,右,稍重,雨,11,4,4,アトミックナンバー,牡,5,56.0,507,-3,加藤誓,沖田明,,4,1:38.8,41.4,5-4-5-4,2,507,-3
2025/01/06,名古屋,4,Ｃ１１組,1500,ダ,右,稍重,雨,11,8,10,アスターデカゴン,牡,6,56.0,505,-2,加藤聡,原口次,,5,1:38.8,40.9,8-8-8-7,9,505,-2
2025/01/06,名古屋,4,Ｃ１１組,1500,ダ,右,稍重,雨,11,1,1,タノシンダモノガチ,牝,4,54.0,410,0,塚本征,迫田清,,6,1:38.9,40.7,9-9-9-6,7,410,0
2025/01/06,名古屋,4,Ｃ１１組,1500,ダ,右,稍重,雨,11,7,9,ゼンダンヤマト,牡,4,56.0,511,4,大畑雅,倉地学,,7,1:39.2,41.9,4-7-4-3,6,511,4
2025/01/06,名古屋,4,Ｃ１１組,1500,ダ,右,稍重,雨,11,5,5,テンケイ,セ,0,55.0,507,1,望月洵,沖田明,,8,1:40.1,43.1,1-1-1-5,1,507,1
2025/01/06,名古屋,4,Ｃ１１組,1500,ダ,右,稍重,雨,11,7,8,デンプシーロール,牡,7,56.0,445,2,細川智,迫田清,,9,1:40.8,43.4,3-5-6-10,10,445,2
2025/01/06,名古屋,4,Ｃ１１組,1500,ダ,右,稍重,雨,11,2,2,ステイフレンズ,牝,4,52.0,402,-1,木之葵,錦見勇,,10,1:41.5,42.6,10-10-10-11,11,402,-1
2025/01/06,名古屋,4,Ｃ１１組,1500,ダ,右,稍重,雨,11,8,11,ノーブルハーバー,牝,7,54.0,461,-6,大畑慧,倉地学,,11,1:41.6,43.9,6-6-7-8,8,461,-6
2025/01/06,名古屋,5,Ｃ１０組,1500,ダ,右,稍重,雨,11,8,10,マルモリハピネス,牝,4,54.0,463,-8,加藤聡,川西毅,,1,1:37.3,40.5,2-2-2-2,3,463,-8
2025/01/06,名古屋,5,Ｃ１０組,1500,ダ,右,稍重,雨,11,7,8,サクリファイス,牡,4,56.0,481,4,大畑慧,倉地学,,2,1:37.4,40.2,5-5-5-4,1,481,4
2025/01/06,名古屋,5,Ｃ１０組,1500,ダ,右,稍重,雨,11,8,11,ハルボタン,牝,4,54.0,430,-1,大原浩,櫻井今,,3,1:37.6,40.6,4-4-3-3,5,430,-1
2025/01/06,名古屋,5,Ｃ１０組,1500,ダ,右,稍重,雨,11,4,4,オレオールシチー,牡,6,56.0,431,3,尾崎章,植松則,,4,1:37.6,39.5,11-11-10-10,8,431,3
2025/01/06,名古屋,5,Ｃ１０組,1500,ダ,右,稍重,雨,11,7,9,カゲツ,牝,5,54.0,452,-9,塚本征,迫田清,,5,1:37.6,40.8,1-1-1-1,2,452,-9
2025/01/06,名古屋,5,Ｃ１０組,1500,ダ,右,稍重,雨,11,6,6,コモリクイーンダム,牝,4,54.0,462,0,大畑雅,宇都英,,6,1:37.7,40.2,6-6-8-5,4,462,0
2025/01/06,名古屋,5,Ｃ１０組,1500,ダ,右,稍重,雨,11,3,3,リタリエイション,牡,6,56.0,489,7,細川智,角田輝,,7,1:37.9,40.4,8-8-7-6,6,489,7
2025/01/06,名古屋,5,Ｃ１０組,1500,ダ,右,稍重,雨,11,6,7,セオグランジ,牡,5,56.0,495,3,丹羽克,井手慎,,8,1:38.7,40.9,9-10-9-9,11,495,3
2025/01/06,名古屋,5,Ｃ１０組,1500,ダ,右,稍重,雨,11,1,1,マルカフロンターレ,牡,6,54.0,494,3,宮下瞳,瀬戸悟,,9,1:39.4,42.0,10-7-6-8,9,494,3
2025/01/06,名古屋,5,Ｃ１０組,1500,ダ,右,稍重,雨,11,5,5,コハル,牝,5,54.0,433,2,丸野勝,井手慎,,10,1:39.6,42.4,3-3-4-7,7,433,2
2025/01/06,名古屋,5,Ｃ１０組,1500,ダ,右,稍重,雨,11,2,2,シルバーアッシュ,牡,5,56.0,462,12,友森翔,安部幸,,11,1:40.1,41.8,7-9-11-11,10,462,12
2025/01/06,名古屋,6,Ｃ９組,1500,ダ,右,重,雨,11,8,11,シトロンヴェール,牡,4,54.0,542,3,宮下瞳,藤ケ人,,1,1:37.6,37.7,2-2-2-2,1,542,3
2025/01/06,名古屋,6,Ｃ９組,1500,ダ,右,重,雨,11,4,4,エグザルテーション,牝,4,54.0,446,2,塚本征,櫻井今,,2,1:38.3,38.1,9-7-6-4,4,446,2
2025/01/06,名古屋,6,Ｃ９組,1500,ダ,右,重,雨,11,8,10,ハクサンシャトル,牡,4,56.0,432,2,岡部誠,宮本仁,,3,1:38.4,38.6,1-1-1-1,3,432,2
2025/01/06,名古屋,6,Ｃ９組,1500,ダ,右,重,雨,11,6,6,ビーガール,牝,6,54.0,424,-4,尾崎章,伊藤己,,4,1:38.5,37.3,10-10-10-8,9,424,-4
2025/01/06,名古屋,6,Ｃ９組,1500,ダ,右,重,雨,11,6,7,ビービーデシジョン,牡,5,56.0,508,-2,大畑雅,井手慎,,5,1:38.8,38.9,3-4-3-5,6,508,-2
2025/01/06,名古屋,6,Ｃ９組,1500,ダ,右,重,雨,11,5,5,ウンザーシャイネン,牝,4,54.0,460,-6,丸野勝,今津博,,6,1:39.0,38.9,6-6-4-7,2,460,-6
2025/01/06,名古屋,6,Ｃ９組,1500,ダ,右,重,雨,11,3,3,ブラウンキングズ,牡,5,56.0,451,-1,丹羽克,竹下直,,7,1:39.4,39.2,4-5-5-3,7,451,-1
2025/01/06,名古屋,6,Ｃ９組,1500,ダ,右,重,雨,11,7,9,スマートサーブル,牡,9,55.0,507,4,望月洵,竹下直,,8,1:39.7,39.4,7-9-7-6,5,507,4
2025/01/06,名古屋,6,Ｃ９組,1500,ダ,右,重,雨,11,2,2,アルマケルブ,牝,5,54.0,450,-4,細川智,迫田清,,9,1:40.1,39.6,5-3-8-9,11,450,-4
2025/01/06,名古屋,6,Ｃ９組,1500,ダ,右,重,雨,11,1,1,ウォータージーニー,牡,6,56.0,474,2,加藤利,塚田隆,,10,1:40.2,39.5,8-8-9-10,8,474,2
2025/01/06,名古屋,6,Ｃ９組,1500,ダ,右,重,雨,11,7,8,アナベル,牝,6,54.0,470,3,阪野学,倉地学,,11,1:40.6,39.1,11-11-11-11,10,470,3
2025/01/06,名古屋,7,Ｃ８組,1400,ダ,右,重,雨,11,1,1,シナモンデイジー,牝,4,52.0,491,8,宮下瞳,川西毅,,1,1:30.5,39.0,1-1-1-1,2,491,8
2025/01/06,名古屋,7,Ｃ８組,1400,ダ,右,重,雨,11,8,10,ファートム,セ,0,56.0,477,-10,岡部誠,角田輝,,2,1:30.7,39.0,6-5-4-2,1,477,-10
2025/01/06,名古屋,7,Ｃ８組,1400,ダ,右,重,雨,11,5,5,メイショウライメイ,牡,4,56.0,474,2,塚本征,迫田清,,3,1:30.7,38.8,8-7-6-3,3,474,2
2025/01/06,名古屋,7,Ｃ８組,1400,ダ,右,重,雨,11,2,2,ジェットラン,牝,4,54.0,403,-3,友森翔,原口次,,4,1:31.3,38.7,9-9-9-8,9,403,-3
2025/01/06,名古屋,7,Ｃ８組,1400,ダ,右,重,雨,11,8,11,リュージュ,牝,4,54.0,467,11,山田祥,宇都英,,5,1:31.7,40.1,3-4-3-7,5,467,11
2025/01/06,名古屋,7,Ｃ８組,1400,ダ,右,重,雨,11,3,3,クールクラバート,牡,4,56.0,476,-3,丸野勝,藤ケ人,,6,1:31.8,40.1,7-3-5-4,4,476,-3
2025/01/06,名古屋,7,Ｃ８組,1400,ダ,右,重,雨,11,7,9,メディアプンタ,牡,5,56.0,472,5,大畑慧,倉地学,,7,1:32.0,39.0,10-10-10-10,11,472,5
2025/01/06,名古屋,7,Ｃ８組,1400,ダ,右,重,雨,11,7,8,レガント,セ,0,55.0,470,2,望月洵,櫻井今,,8,1:32.1,38.8,11-11-11-11,6,470,2
2025/01/06,名古屋,7,Ｃ８組,1400,ダ,右,重,雨,11,4,4,ブラボーブラボー,牝,4,54.0,457,-3,細川智,宇都英,,9,1:32.2,40.2,4-6-7-9,7,457,-3
2025/01/06,名古屋,7,Ｃ８組,1400,ダ,右,重,雨,11,6,7,ランオブザワールド,牡,4,56.0,520,8,村上弘,藤ケ人,,10,1:32.2,39.9,5-8-8-5,8,520,8
2025/01/06,名古屋,7,Ｃ８組,1400,ダ,右,重,雨,11,6,6,カンノーリ,牝,5,54.0,450,-1,加藤聡,原口次,,11,1:32.8,41.2,2-2-2-6,10,450,-1
2025/01/06,名古屋,8,Ｂ１１組,1500,ダ,右,重,雨,11,8,11,ジュエルプリンス,牡,5,56.0,510,8,友森翔,榎屋充,,1,1:37.2,39.3,3-3-2-3,6,510,8
2025/01/06,名古屋,8,Ｂ１１組,1500,ダ,右,重,雨,11,4,4,ノーブルカクテル,牝,4,54.0,485,4,大畑慧,倉地学,,2,1:37.3,39.5,1-1-1-2,3,485,4
2025/01/06,名古屋,8,Ｂ１１組,1500,ダ,右,重,雨,11,2,2,ヤマトホマレ,牝,4,54.0,463,-7,大畑雅,迫田清,,3,1:37.4,39.3,4-5-5-1,5,463,-7
2025/01/06,名古屋,8,Ｂ１１組,1500,ダ,右,重,雨,11,6,6,リンノパルピート,牡,7,56.0,522,-4,村上弘,原口次,,4,1:37.7,39.2,9-9-9-6,9,522,-4
2025/01/06,名古屋,8,Ｂ１１組,1500,ダ,右,重,雨,11,3,3,ヘアピンシュプール,牝,5,54.0,476,-5,丸野勝,角田輝,,5,1:37.8,39.9,8-4-4-5,1,476,-5
2025/01/06,名古屋,8,Ｂ１１組,1500,ダ,右,重,雨,11,8,10,リプリー,牝,4,52.0,464,4,木之葵,榎屋充,,6,1:38.0,40.1,2-2-3-4,2,464,4
2025/01/06,名古屋,8,Ｂ１１組,1500,ダ,右,重,雨,11,6,7,パラダイスシティ,牝,5,53.0,436,1,望月洵,井上哲,,7,1:38.3,40.1,6-6-6-7,4,436,1
2025/01/06,名古屋,8,Ｂ１１組,1500,ダ,右,重,雨,11,7,8,アスタリウス,牡,5,56.0,490,1,加藤聡,原口次,,8,1:38.6,40.4,5-7-7-9,7,490,1
2025/01/06,名古屋,8,Ｂ１１組,1500,ダ,右,重,雨,11,5,5,セブンリーチ,牝,5,53.0,460,-2,長江慶,井上哲,,9,1:38.9,40.5,7-8-8-8,8,460,-2
2025/01/06,名古屋,8,Ｂ１１組,1500,ダ,右,重,雨,11,7,9,カリブルヌス,牡,5,56.0,511,9,阪野学,坂口義,,10,1:41.3,41.2,10-10-10-10,10,511,9
2025/01/06,名古屋,8,Ｂ１１組,1500,ダ,右,重,雨,11,1,1,アドゥールグロー,牡,4,54.0,0,0,宮下瞳,今津勝,,,,,,,0,0
2025/01/06,名古屋,9,福笑い特別Ａ４,920,ダ,右,重,曇,8,2,2,ケイカ,牝,6,52.0,510,-8,宮下瞳,川西毅,,1,0:55.4,36.2,1-1,2,510,-8
2025/01/06,名古屋,9,福笑い特別Ａ４,920,ダ,右,重,曇,8,4,4,スティールアクター,牡,4,56.0,461,-7,加藤聡,角田輝,,2,0:55.8,36.5,2-2,1,461,-7
2025/01/06,名古屋,9,福笑い特別Ａ４,920,ダ,右,重,曇,8,1,1,マルトクローレル,牝,7,53.0,450,-7,望月洵,戸部尚,,3,0:56.3,36.7,6-4,3,450,-7
2025/01/06,名古屋,9,福笑い特別Ａ４,920,ダ,右,重,曇,8,3,3,マイネルラック,牡,12,56.0,504,-1,村上弘,今津博,,4,0:56.4,36.7,7-3,8,504,-1
2025/01/06,名古屋,9,福笑い特別Ａ４,920,ダ,右,重,曇,8,6,6,ヒロシゲウェーブ,セ,0,56.0,463,7,大畑慧,今津博,,5,0:56.5,37.0,3-5,4,463,7
2025/01/06,名古屋,9,福笑い特別Ａ４,920,ダ,右,重,曇,8,5,5,テイエムルンバ,牝,5,54.0,472,0,丹羽克,竹之昭,,6,0:56.7,36.9,5-6,7,472,0
2025/01/06,名古屋,9,福笑い特別Ａ４,920,ダ,右,重,曇,8,8,8,コスモレペティール,牝,8,54.0,463,0,友森翔,瀬戸悟,,7,0:57.4,37.3,8-8,6,463,0
2025/01/06,名古屋,9,福笑い特別Ａ４,920,ダ,右,重,曇,8,7,7,ラグナキリア,牡,7,56.0,582,-2,塚本征,井手慎,,8,0:57.5,38.1,4-7,5,582,-2
2025/01/06,名古屋,10,松の内賞Ｂ１０,1500,ダ,右,重,曇,11,1,1,レアリーゼ,牡,5,56.0,462,5,岡部誠,宮本仁,,1,1:37.4,39.2,5-4-6-5,2,462,5
2025/01/06,名古屋,10,松の内賞Ｂ１０,1500,ダ,右,重,曇,11,7,8,バウブロッサム,牝,4,54.0,429,-3,大畑慧,塚田隆,,2,1:37.6,39.3,7-8-7-4,3,429,-3
2025/01/06,名古屋,10,松の内賞Ｂ１０,1500,ダ,右,重,曇,11,3,3,ノーブルシャン,牝,4,54.0,454,-6,丸野勝,角田輝,,3,1:37.6,39.8,1-1-1-1,1,454,-6
2025/01/06,名古屋,10,松の内賞Ｂ１０,1500,ダ,右,重,曇,11,4,4,ペイシャスカイ,牡,7,54.0,524,4,木之葵,榎屋充,,4,1:37.7,39.8,8-6-3-3,4,524,4
2025/01/06,名古屋,10,松の内賞Ｂ１０,1500,ダ,右,重,曇,11,8,11,キタカラキタパンチ,牝,4,54.0,435,2,塚本征,倉地学,,5,1:37.8,37.8,10-10-10-9,5,435,2
2025/01/06,名古屋,10,松の内賞Ｂ１０,1500,ダ,右,重,曇,11,8,10,キタノレーニア,牝,5,52.0,420,0,宮下瞳,宇都英,,6,1:37.8,39.9,3-3-2-2,9,420,0
2025/01/06,名古屋,10,松の内賞Ｂ１０,1500,ダ,右,重,曇,11,2,2,キセキニャン,牝,5,54.0,460,14,細川智,宇都英,,7,1:38.6,38.7,9-9-9-10,7,460,14
2025/01/06,名古屋,10,松の内賞Ｂ１０,1500,ダ,右,重,曇,11,6,7,スターロード,牡,7,56.0,492,1,加藤利,錦見勇,,8,1:38.7,40.7,6-5-5-6,8,492,1
2025/01/06,名古屋,10,松の内賞Ｂ１０,1500,ダ,右,重,曇,11,5,5,エドノストリート,牝,7,53.0,477,6,望月洵,戸部尚,,9,1:38.9,40.5,4-7-8-8,10,477,6
2025/01/06,名古屋,10,松の内賞Ｂ１０,1500,ダ,右,重,曇,11,7,9,カプリシャスラブ,牝,4,54.0,444,-2,山田祥,藤ケ男,,10,1:38.9,41.0,2-2-4-7,6,444,-2
2025/01/06,名古屋,10,松の内賞Ｂ１０,1500,ダ,右,重,曇,11,6,6,コースタルタウン,牝,5,54.0,452,25,阪野学,倉地学,,11,1:40.3,39.3,11-11-11-11,11,452,25
2025/01/06,名古屋,11,門松特別Ａ３,1400,ダ,右,重,曇,9,8,9,アルティメットサガ,牡,5,54.0,463,-1,木之葵,榎屋充,,1,1:29.1,37.9,8-8-8-3,1,463,-1
2025/01/06,名古屋,11,門松特別Ａ３,1400,ダ,右,重,曇,9,4,4,フィードバック,セ,0,56.0,485,2,村上弘,角田輝,,2,1:29.3,38.7,1-1-1-1,7,485,2
2025/01/06,名古屋,11,門松特別Ａ３,1400,ダ,右,重,曇,9,5,5,ララエフォール,牡,6,56.0,507,7,塚本征,今津博,,3,1:29.3,37.9,9-9-9-5,2,507,7
2025/01/06,名古屋,11,門松特別Ａ３,1400,ダ,右,重,曇,9,8,8,スキューマパーラ,牝,6,54.0,455,0,大原浩,櫻井今,,4,1:30.2,39.3,5-4-4-2,9,455,0
2025/01/06,名古屋,11,門松特別Ａ３,1400,ダ,右,重,曇,9,1,1,ヤマイチエスポ,牝,6,54.0,495,1,大畑雅,今津博,,5,1:30.4,39.4,2-5-5-6,3,495,1
2025/01/06,名古屋,11,門松特別Ａ３,1400,ダ,右,重,曇,9,3,3,ブンブンマル,牡,7,56.0,493,6,大畑慧,川西毅,,6,1:30.6,39.5,6-7-7-8,6,493,6
2025/01/06,名古屋,11,門松特別Ａ３,1400,ダ,右,重,曇,9,6,6,ブライトファントム,牡,5,55.0,527,-3,望月洵,藤ケ男,,7,1:31.1,40.3,4-3-3-3,4,527,-3
2025/01/06,名古屋,11,門松特別Ａ３,1400,ダ,右,重,曇,9,7,7,クリノイコライザー,セ,0,56.0,448,0,細川智,今津博,,8,1:31.4,40.3,7-6-6-7,8,448,0
2025/01/06,名古屋,11,門松特別Ａ３,1400,ダ,右,重,曇,9,2,2,リトルパイングッド,牡,8,56.0,522,14,加藤聡,坂口義,,9,1:31.9,41.1,3-2-2-9,5,522,14
2025/01/14,名古屋,1,Ｃ３０組,920,ダ,右,良,晴,11,4,4,ポーラスター,牡,4,54.0,498,1,木之葵,荒巻透,,1,0:58.5,37.4,7-6,6,498,1
2025/01/14,名古屋,1,Ｃ３０組,920,ダ,右,良,晴,11,7,8,サンマルキングダム,牡,4,56.0,524,7,村上弘,瀬戸悟,,2,0:59.0,38.3,6-5,5,524,7
2025/01/14,名古屋,1,Ｃ３０組,920,ダ,右,良,晴,11,5,5,ポンドレイディ,牝,4,54.0,423,-2,今井貴,宮本仁,,3,0:59.0,38.2,4-4,4,423,-2
2025/01/14,名古屋,1,Ｃ３０組,920,ダ,右,良,晴,11,7,9,ロバストネス,牡,4,56.0,534,3,丸野勝,藤ケ人,,4,0:59.0,38.0,9-7,7,534,3
2025/01/14,名古屋,1,Ｃ３０組,920,ダ,右,良,晴,11,6,7,ヤマジョーカ,牡,4,56.0,468,0,丹羽克,錦見勇,,5,0:59.0,38.8,3-3,8,468,0
2025/01/14,名古屋,1,Ｃ３０組,920,ダ,右,良,晴,11,2,2,ヒカルファルコン,牡,4,54.0,512,-4,宮下瞳,藤ケ男,,6,0:59.2,39.4,1-2,2,512,-4
2025/01/14,名古屋,1,Ｃ３０組,920,ダ,右,良,晴,11,3,3,ピッケレジーナ,牝,4,54.0,478,0,細川智,沖田明,,7,0:59.3,37.8,8-9,3,478,0
2025/01/14,名古屋,1,Ｃ３０組,920,ダ,右,良,晴,11,1,1,ニシノココ,牝,4,54.0,447,-8,阪野学,倉地学,,8,0:59.5,39.7,2-1,1,447,-8
2025/01/14,名古屋,1,Ｃ３０組,920,ダ,右,良,晴,11,8,11,フィーユポワソン,牝,5,54.0,401,-4,加藤聡,榎屋充,,9,1:00.0,39.1,5-8,9,401,-4
2025/01/14,名古屋,1,Ｃ３０組,920,ダ,右,良,晴,11,6,6,ライオンズマーチ,牝,4,54.0,443,-1,加藤誓,倉地学,,10,1:00.0,38.7,10-10,10,443,-1
2025/01/14,名古屋,1,Ｃ３０組,920,ダ,右,良,晴,11,8,10,カツゲキツチノエネ,牝,6,54.0,458,-6,大原浩,錦見勇,,11,1:00.9,39.0,11-11,11,458,-6
2025/01/14,名古屋,2,Ｃ２９組,1500,ダ,右,良,晴,11,7,8,ピースフルワールド,牝,4,54.0,446,6,塚本征,今津博,,1,1:39.7,40.2,4-3-3-4,1,446,6
2025/01/14,名古屋,2,Ｃ２９組,1500,ダ,右,良,晴,11,3,3,カイブルーノ,牡,4,56.0,450,0,大畑慧,本名信,,2,1:39.9,40.2,7-6-7-1,8,450,0
2025/01/14,名古屋,2,Ｃ２９組,1500,ダ,右,良,晴,11,6,7,ピケアラベスク,牝,4,52.0,463,-5,宮下瞳,藤ケ男,,3,1:40.3,40.2,8-8-8-8,4,463,-5
2025/01/14,名古屋,2,Ｃ２９組,1500,ダ,右,良,晴,11,7,9,レオハートビート,牡,4,56.0,458,-5,大畑雅,今津博,,4,1:40.3,40.6,6-7-6-5,2,458,-5
2025/01/14,名古屋,2,Ｃ２９組,1500,ダ,右,良,晴,11,4,4,メイショウアユカゼ,牝,4,52.0,377,-1,木之葵,榎屋充,,5,1:40.4,40.2,11-11-10-7,9,377,-1
2025/01/14,名古屋,2,Ｃ２９組,1500,ダ,右,良,晴,11,1,1,カグヤ,牝,5,54.0,455,11,加藤聡,川西毅,,6,1:40.7,41.6,1-1-1-2,3,455,11
2025/01/14,名古屋,2,Ｃ２９組,1500,ダ,右,良,晴,11,8,10,サイコロチャン,牝,4,54.0,457,8,望月洵,井上哲,,7,1:41.0,41.5,3-4-4-6,6,457,8
2025/01/14,名古屋,2,Ｃ２９組,1500,ダ,右,良,晴,11,5,5,リコークルセーダー,牝,4,54.0,401,0,今井貴,地辺幸,,8,1:41.1,41.9,2-2-2-3,7,401,0
2025/01/14,名古屋,2,Ｃ２９組,1500,ダ,右,良,晴,11,2,2,シカンスイヨウ,牝,4,54.0,479,1,村上弘,瀬戸悟,,9,1:41.5,41.4,10-9-9-10,10,479,1
2025/01/14,名古屋,2,Ｃ２９組,1500,ダ,右,良,晴,11,6,6,メイクスマイル,牝,6,52.0,408,-4,明星晴,井上哲,,10,1:41.6,42.0,5-5-5-9,11,408,-4
2025/01/14,名古屋,2,Ｃ２９組,1500,ダ,右,良,晴,11,8,11,オメガレジェンド,牡,4,56.0,492,3,横井将,安部幸,,11,1:41.8,41.4,9-10-11-11,5,492,3
2025/01/14,名古屋,3,Ｃ２８組,1500,ダ,右,良,晴,11,2,2,ウエスタンダンテ,牡,4,56.0,437,2,岡部誠,角田輝,,1,1:39.7,40.3,4-5-5-2,1,437,2
2025/01/14,名古屋,3,Ｃ２８組,1500,ダ,右,良,晴,11,5,5,エイシントレボン,牡,4,56.0,472,9,塚本征,櫻井今,,2,1:40.3,41.2,1-1-1-1,2,472,9
2025/01/14,名古屋,3,Ｃ２８組,1500,ダ,右,良,晴,11,8,11,リックルイコン,牝,4,54.0,456,-4,望月洵,櫻井今,,3,1:40.4,41.2,5-4-4-3,4,456,-4
2025/01/14,名古屋,3,Ｃ２８組,1500,ダ,右,良,晴,11,8,10,レドンホール,牝,4,54.0,462,1,友森翔,迫田清,,4,1:40.6,41.4,3-3-2-4,3,462,1
2025/01/14,名古屋,3,Ｃ２８組,1500,ダ,右,良,晴,11,6,6,ヴィーナスウインズ,牝,4,52.0,398,-5,木之葵,植松則,,5,1:41.0,40.7,6-8-9-8,6,398,-5
2025/01/14,名古屋,3,Ｃ２８組,1500,ダ,右,良,晴,11,4,4,カンバセーショナル,牝,4,54.0,393,-4,加藤利,塚田隆,,6,1:41.4,41.8,10-6-6-6,5,393,-4
2025/01/14,名古屋,3,Ｃ２８組,1500,ダ,右,良,晴,11,7,8,ダイボサツトウゲ,牡,4,56.0,460,-1,大原浩,成田明,,7,1:41.7,41.5,9-8-7-7,7,460,-1
2025/01/14,名古屋,3,Ｃ２８組,1500,ダ,右,良,晴,11,1,1,アフロマン,牡,4,56.0,403,-1,大畑慧,竹下太,,8,1:42.0,41.7,8-7-8-9,8,403,-1
2025/01/14,名古屋,3,Ｃ２８組,1500,ダ,右,良,晴,11,7,9,ミストーザイ,牝,6,54.0,413,2,丹羽克,錦見勇,,9,1:42.0,42.8,2-2-3-5,9,413,2
2025/01/14,名古屋,3,Ｃ２８組,1500,ダ,右,良,晴,11,3,3,エイシンウクラン,牝,6,54.0,376,-1,阪野学,井上哲,,10,1:42.9,42.1,7-10-10-10,10,376,-1
2025/01/14,名古屋,3,Ｃ２８組,1500,ダ,右,良,晴,11,6,7,ホーリーウェル,牝,6,54.0,397,4,加藤誓,沖田明,,11,1:43.0,42.2,11-11-11-11,11,397,4
2025/01/14,名古屋,4,Ｃ２７組,1400,ダ,右,良,晴,11,2,2,ルージュロンド,牝,4,54.0,505,-3,塚本征,坂口義,,1,1:31.8,39.3,1-1-1-1,1,505,-3
2025/01/14,名古屋,4,Ｃ２７組,1400,ダ,右,良,晴,11,6,6,オブリージュ,牡,5,56.0,509,-7,望月洵,安部幸,,2,1:32.2,39.5,2-2-2-2,2,509,-7
2025/01/14,名古屋,4,Ｃ２７組,1400,ダ,右,良,晴,11,1,1,ブギーナイツ,牝,4,54.0,447,1,加藤聡,榎屋充,,3,1:32.3,39.5,5-4-3-2,4,447,1
2025/01/14,名古屋,4,Ｃ２７組,1400,ダ,右,良,晴,11,8,11,ハクサンダフネ,牝,4,52.0,464,-2,木之葵,坂口義,,4,1:33.2,39.7,6-6-7-6,6,464,-2
2025/01/14,名古屋,4,Ｃ２７組,1400,ダ,右,良,晴,11,8,10,マイネルボレロ,牡,8,56.0,515,5,大畑雅,錦見勇,,5,1:33.4,40.0,4-5-5-7,8,515,5
2025/01/14,名古屋,4,Ｃ２７組,1400,ダ,右,良,晴,11,4,4,クロスロード,牝,9,52.0,464,-7,明星晴,井上哲,,6,1:33.6,39.7,7-9-8-8,11,464,-7
2025/01/14,名古屋,4,Ｃ２７組,1400,ダ,右,良,晴,11,7,8,サブノセレブ,牝,4,54.0,525,-2,細川智,榎屋充,,7,1:33.6,39.6,9-10-10-9,10,525,-2
2025/01/14,名古屋,4,Ｃ２７組,1400,ダ,右,良,晴,11,3,3,フッカツノコロアイ,牝,4,54.0,430,2,今井貴,植松則,,8,1:33.8,40.4,10-7-6-5,9,430,2
2025/01/14,名古屋,4,Ｃ２７組,1400,ダ,右,良,晴,11,5,5,レディマジェスティ,牝,4,52.0,426,-2,宮下瞳,竹下太,,9,1:33.9,41.0,3-3-4-4,5,426,-2
2025/01/14,名古屋,4,Ｃ２７組,1400,ダ,右,良,晴,11,6,7,ニホンピロソラーナ,牝,5,54.0,479,13,大畑慧,今津博,,10,1:34.1,39.9,11-11-11-10,3,479,13
2025/01/14,名古屋,4,Ｃ２７組,1400,ダ,右,良,晴,11,7,9,アノヒノアヤマチ,牝,4,54.0,433,-2,阪野学,坂口義,,11,1:34.5,40.6,8-8-9-11,7,433,-2
2025/01/14,名古屋,5,Ｃ２６組,1500,ダ,右,良,晴,11,3,3,ココロオドル,牝,4,54.0,459,-1,望月洵,榎屋充,,1,1:40.0,40.4,5-4-4-5,2,459,-1
2025/01/14,名古屋,5,Ｃ２６組,1500,ダ,右,良,晴,11,5,5,ビクトリーフォース,牡,4,54.0,495,-9,宮下瞳,原口次,,2,1:40.3,40.0,9-9-7-7,4,495,-9
2025/01/14,名古屋,5,Ｃ２６組,1500,ダ,右,良,晴,11,6,6,アストーレティアラ,牝,4,54.0,482,-5,丹羽克,沖田明,,3,1:40.4,40.7,4-5-5-4,6,482,-5
2025/01/14,名古屋,5,Ｃ２６組,1500,ダ,右,良,晴,11,4,4,サブリナワルツ,牝,4,54.0,455,1,今井貴,安部幸,,4,1:40.6,40.6,6-6-6-6,8,455,1
2025/01/14,名古屋,5,Ｃ２６組,1500,ダ,右,良,晴,11,8,10,ノーマンズランド,牝,4,54.0,447,0,大畑雅,井手慎,,5,1:40.8,41.3,3-3-3-1,1,447,0
2025/01/14,名古屋,5,Ｃ２６組,1500,ダ,右,良,晴,11,2,2,アメリカンミューズ,牝,4,54.0,422,-2,加藤聡,原口次,,6,1:41.1,40.2,10-11-11-8,5,422,-2
2025/01/14,名古屋,5,Ｃ２６組,1500,ダ,右,良,晴,11,6,7,クールフレア,牝,5,54.0,471,1,加藤利,錦見勇,,7,1:41.4,42.1,1-1-1-3,11,471,1
2025/01/14,名古屋,5,Ｃ２６組,1500,ダ,右,良,晴,11,7,9,オーブラボー,牡,4,56.0,456,-2,柿原翔,藤ケ男,,8,1:41.6,40.7,11-10-10-11,10,456,-2
2025/01/14,名古屋,5,Ｃ２６組,1500,ダ,右,良,晴,11,7,8,シーグリント,牝,4,54.0,415,-7,細川智,坂口義,,9,1:41.6,41.2,8-8-8-9,7,415,-7
2025/01/14,名古屋,5,Ｃ２６組,1500,ダ,右,良,晴,11,1,1,ヴァンショー,牝,4,54.0,478,-2,大畑慧,植松則,,10,1:41.7,40.9,7-7-9-10,9,478,-2
2025/01/14,名古屋,5,Ｃ２６組,1500,ダ,右,良,晴,11,8,11,ソルセルリ,牝,4,54.0,419,-6,山田祥,沖田明,,11,1:41.8,42.4,2-2-2-2,3,419,-6
2025/01/14,名古屋,6,Ｃ２５組,1500,ダ,右,良,晴,11,8,10,ミリオンジェンヌ,牝,4,54.0,476,-1,阪野学,荒巻透,,1,1:38.6,40.3,6-5-5-1,2,476,-1
2025/01/14,名古屋,6,Ｃ２５組,1500,ダ,右,良,晴,11,7,9,ジーティーウィンズ,牡,4,56.0,481,2,山田祥,今津勝,,2,1:39.2,40.9,4-4-3-3,1,481,2
2025/01/14,名古屋,6,Ｃ２５組,1500,ダ,右,良,晴,11,3,3,レオボンバイエ,牡,4,54.0,456,6,木之葵,榎屋充,,3,1:39.5,40.5,8-9-8-5,5,456,6
2025/01/14,名古屋,6,Ｃ２５組,1500,ダ,右,良,晴,11,6,6,ロジスクリーン,牝,4,54.0,415,1,細川智,瀬戸悟,,4,1:39.6,41.5,3-2-2-2,8,415,1
2025/01/14,名古屋,6,Ｃ２５組,1500,ダ,右,良,晴,11,6,7,グランパープル,牡,4,56.0,492,-8,加藤聡,原口次,,5,1:39.7,40.0,11-11-10-9,6,492,-8
2025/01/14,名古屋,6,Ｃ２５組,1500,ダ,右,良,晴,11,5,5,シャドウクロス,牡,4,56.0,507,0,岡部誠,安部幸,,6,1:39.9,40.8,9-8-9-8,3,507,0
2025/01/14,名古屋,6,Ｃ２５組,1500,ダ,右,良,晴,11,7,8,ミランダアスール,牝,4,54.0,409,-3,丹羽克,竹下直,,7,1:40.0,41.9,1-1-1-4,4,409,-3
2025/01/14,名古屋,6,Ｃ２５組,1500,ダ,右,良,晴,11,8,11,ココナッツナッツ,牝,5,54.0,441,3,望月洵,沖田明,,8,1:40.4,41.8,5-7-6-7,9,441,3
2025/01/14,名古屋,6,Ｃ２５組,1500,ダ,右,良,晴,11,2,2,メイショウコフデ,牝,4,54.0,443,1,加藤利,錦見勇,,9,1:42.0,43.7,2-3-4-6,7,443,1
2025/01/14,名古屋,6,Ｃ２５組,1500,ダ,右,良,晴,11,4,4,ナムラブリジット,牝,4,54.0,477,6,大畑雅,今津博,,10,1:42.5,43.6,10-6-7-10,10,477,6
2025/01/14,名古屋,6,Ｃ２５組,1500,ダ,右,良,晴,11,1,1,ファンシーカラー,牝,5,52.0,436,-5,宮下瞳,井手慎,,11,1:42.6,42.8,7-10-11-11,11,436,-5
2025/01/14,名古屋,7,Ｃ２４組,1500,ダ,右,良,晴,12,7,10,ヤーゴ,牡,5,56.0,492,-2,丹羽克,安部幸,,1,1:39.7,39.7,8-8-8-6,7,492,-2
2025/01/14,名古屋,7,Ｃ２４組,1500,ダ,右,良,晴,12,5,5,スパイキーボウ,牡,4,56.0,505,5,丸野勝,安部幸,,2,1:40.0,39.5,12-12-11-5,8,505,5
2025/01/14,名古屋,7,Ｃ２４組,1500,ダ,右,良,晴,12,4,4,マドモアゼルハポン,牝,4,54.0,424,-4,大畑雅,今津勝,,3,1:40.2,40.8,1-1-1-1,1,424,-4
2025/01/14,名古屋,7,Ｃ２４組,1500,ダ,右,良,晴,12,3,3,モンデフェリシティ,牝,4,54.0,431,-2,細川智,藤ケ人,,4,1:40.2,40.5,4-3-6-4,5,431,-2
2025/01/14,名古屋,7,Ｃ２４組,1500,ダ,右,良,晴,12,8,11,グラスチアー,牝,4,52.0,460,-3,宮下瞳,竹下太,,5,1:40.3,40.6,6-7-4-3,6,460,-3
2025/01/14,名古屋,7,Ｃ２４組,1500,ダ,右,良,晴,12,2,2,オキャン,牝,4,54.0,438,-6,望月洵,今津博,,6,1:40.3,40.7,7-5-3-2,4,438,-6
2025/01/14,名古屋,7,Ｃ２４組,1500,ダ,右,良,晴,12,5,6,ベビーヨーダ,牝,4,54.0,449,-5,加藤誓,竹下太,,7,1:40.4,40.5,5-6-7-7,2,449,-5
2025/01/14,名古屋,7,Ｃ２４組,1500,ダ,右,良,晴,12,6,8,タキトゥス,牝,6,54.0,445,-1,大畑慧,倉地学,,8,1:40.6,40.2,10-10-10-10,9,445,-1
2025/01/14,名古屋,7,Ｃ２４組,1500,ダ,右,良,晴,12,1,1,タマモルピナス,牝,4,54.0,463,2,加藤聡,原口次,,9,1:40.7,40.4,9-9-9-11,3,463,2
2025/01/14,名古屋,7,Ｃ２４組,1500,ダ,右,良,晴,12,8,12,マルカフェリス,セ,0,56.0,462,-3,村上弘,瀬戸悟,,10,1:41.2,41.6,3-4-2-8,10,462,-3
2025/01/14,名古屋,7,Ｃ２４組,1500,ダ,右,良,晴,12,7,9,ナムラアダム,牡,5,56.0,414,-1,柿原翔,藤ケ男,,11,1:41.4,40.9,11-11-12-12,12,414,-1
2025/01/14,名古屋,7,Ｃ２４組,1500,ダ,右,良,晴,12,6,7,アキノイロクサ,牝,5,52.0,496,-3,深澤杏,今津勝,,12,1:41.5,41.8,2-2-4-9,11,496,-3
2025/01/14,名古屋,8,アルゲディ特別Ｂ２,1700,ダ,右,良,晴,8,4,4,ディアモミノル,牡,4,56.0,519,-2,今井貴,竹下太,,1,1:51.5,37.8,3-3-3-1,1,519,-2
2025/01/14,名古屋,8,アルゲディ特別Ｂ２,1700,ダ,右,良,晴,8,6,6,エルーシア,牝,5,52.0,480,2,木之葵,榎屋充,,2,1:52.1,38.4,2-2-2-2,6,480,2
2025/01/14,名古屋,8,アルゲディ特別Ｂ２,1700,ダ,右,良,晴,8,2,2,クインザヒーロー,牡,12,56.0,487,-6,塚本征,迫田清,,3,1:52.3,38.7,1-1-1-3,5,487,-6
2025/01/14,名古屋,8,アルゲディ特別Ｂ２,1700,ダ,右,良,晴,8,8,8,リョウライライ,牡,5,56.0,513,3,村上弘,竹下直,,4,1:52.5,38.7,6-6-4-5,3,513,3
2025/01/14,名古屋,8,アルゲディ特別Ｂ２,1700,ダ,右,良,晴,8,3,3,ジャンバラヤ,牡,4,56.0,445,19,丹羽克,錦見勇,,5,1:52.7,38.8,5-5-5-4,2,445,19
2025/01/14,名古屋,8,アルゲディ特別Ｂ２,1700,ダ,右,良,晴,8,1,1,エストレリータ,牝,5,54.0,449,1,大原浩,櫻井今,,6,1:53.2,39.2,4-4-6-6,8,449,1
2025/01/14,名古屋,8,アルゲディ特別Ｂ２,1700,ダ,右,良,晴,8,5,5,エガオニナッテ,牝,4,54.0,450,3,加藤聡,原口次,,7,1:54.9,40.6,7-7-7-7,4,450,3
2025/01/14,名古屋,8,アルゲディ特別Ｂ２,1700,ダ,右,良,晴,8,7,7,ハイグッドエース,牡,6,54.0,448,1,明星晴,井上哲,,,,,,7,448,1
2025/01/14,名古屋,9,寒中特別Ａ８,1700,ダ,右,良,晴,10,4,4,ハクサンミニョン,牝,5,54.0,457,-4,加藤聡,坂口義,,1,1:51.0,38.4,1-1-1-1,1,457,-4
2025/01/14,名古屋,9,寒中特別Ａ８,1700,ダ,右,良,晴,10,3,3,ウインライズ,牡,4,56.0,490,2,阪野学,植松則,,2,1:51.6,38.2,6-7-7-4,4,490,2
2025/01/14,名古屋,9,寒中特別Ａ８,1700,ダ,右,良,晴,10,1,1,ハイアーグレード,牝,8,54.0,469,-8,丹羽克,櫻井今,,3,1:51.8,39.0,4-5-5-3,9,469,-8
2025/01/14,名古屋,9,寒中特別Ａ８,1700,ダ,右,良,晴,10,7,8,シゲルノヴァ,牝,5,54.0,468,1,塚本征,櫻井今,,4,1:52.3,39.6,2-2-2-2,3,468,1
2025/01/14,名古屋,9,寒中特別Ａ８,1700,ダ,右,良,晴,10,8,9,サイレントウルフ,牡,5,54.0,517,-1,木之葵,榎屋充,,5,1:52.6,39.8,3-3-4-6,6,517,-1
2025/01/14,名古屋,9,寒中特別Ａ８,1700,ダ,右,良,晴,10,5,5,サンフローリス,牝,7,52.0,458,-1,宮下瞳,宮本仁,,6,1:52.6,38.8,9-9-8-8,8,458,-1
2025/01/14,名古屋,9,寒中特別Ａ８,1700,ダ,右,良,晴,10,8,10,フィオリーカズマ,セ,0,56.0,509,19,細川智,角田輝,,7,1:53.2,40.1,5-6-6-7,7,509,19
2025/01/14,名古屋,9,寒中特別Ａ８,1700,ダ,右,良,晴,10,2,2,イントゥザファイア,牡,5,56.0,485,0,丸野勝,角田輝,,8,1:53.3,39.5,8-8-9-9,5,485,0
2025/01/14,名古屋,9,寒中特別Ａ８,1700,ダ,右,良,晴,10,6,6,レヴォルタード,セ,0,56.0,516,10,大畑雅,今津勝,,9,1:53.5,40.8,7-4-3-5,2,516,10
2025/01/14,名古屋,9,寒中特別Ａ８,1700,ダ,右,良,晴,10,7,7,ヒストリアノワール,セ,0,56.0,417,-11,柿原翔,伊藤己,,10,1:54.3,39.9,10-10-10-10,10,417,-11
2025/01/14,名古屋,10,冬芽特別Ａ７,1500,ダ,右,良,晴,11,6,6,ヒロシゲウェーブ,セ,0,56.0,463,0,加藤聡,今津博,,1,1:37.6,39.5,2-2-2-1,3,463,0
2025/01/14,名古屋,10,冬芽特別Ａ７,1500,ダ,右,良,晴,11,6,7,ヒシゲッコウ,セ,0,56.0,479,-7,村上弘,榎屋充,,2,1:37.7,38.2,11-10-10-5,7,479,-7
2025/01/14,名古屋,10,冬芽特別Ａ７,1500,ダ,右,良,晴,11,7,8,ボールドライ,牡,5,56.0,474,-1,大畑雅,植松則,,3,1:37.8,39.5,3-3-3-8,8,474,-1
2025/01/14,名古屋,10,冬芽特別Ａ７,1500,ダ,右,良,晴,11,3,3,レッツプロミス,牝,5,52.0,440,0,宮下瞳,藤ケ男,,4,1:37.8,38.4,9-9-9-7,5,440,0
2025/01/14,名古屋,10,冬芽特別Ａ７,1500,ダ,右,良,晴,11,1,1,コーリンバニラ,牝,8,54.0,510,4,岡部誠,角田輝,,5,1:38.0,39.9,1-1-1-2,2,510,4
2025/01/14,名古屋,10,冬芽特別Ａ７,1500,ダ,右,良,晴,11,8,11,マロンアイス,牡,5,56.0,513,28,山田祥,川西毅,,6,1:38.1,39.7,7-7-4-3,1,513,28
2025/01/14,名古屋,10,冬芽特別Ａ７,1500,ダ,右,良,晴,11,4,4,リベリアスハート,牡,8,56.0,465,2,加藤利,本名信,,7,1:38.5,40.0,6-4-5-4,11,465,2
2025/01/14,名古屋,10,冬芽特別Ａ７,1500,ダ,右,良,晴,11,7,9,クールファイブ,牡,7,56.0,501,-1,大畑慧,今津勝,,8,1:38.8,40.1,8-8-8-9,4,501,-1
2025/01/14,名古屋,10,冬芽特別Ａ７,1500,ダ,右,良,晴,11,5,5,イーヴンキール,牡,5,56.0,506,14,細川智,藤ケ男,,9,1:39.1,40.6,5-6-6-6,6,506,14
2025/01/14,名古屋,10,冬芽特別Ａ７,1500,ダ,右,良,晴,11,8,10,エターナルプライド,牝,6,54.0,464,-9,加藤誓,竹下太,,10,1:39.5,41.0,4-5-7-10,10,464,-9
2025/01/14,名古屋,10,冬芽特別Ａ７,1500,ダ,右,良,晴,11,2,2,キタサンエトワール,牝,6,54.0,492,4,望月洵,藤ケ人,,11,1:40.3,40.6,10-11-11-11,9,492,4
2025/01/14,名古屋,11,やぎ座特別Ｂ１,1400,ダ,右,良,晴,8,3,3,スターインパクト,牡,7,56.0,452,0,加藤聡,竹下太,,1,1:30.6,39.6,1-1-1-1,7,452,0
2025/01/14,名古屋,11,やぎ座特別Ｂ１,1400,ダ,右,良,晴,8,2,2,ジュエルプリンス,牡,5,56.0,505,-5,友森翔,榎屋充,,2,1:31.3,39.9,5-4-3-3,3,505,-5
2025/01/14,名古屋,11,やぎ座特別Ｂ１,1400,ダ,右,良,晴,8,5,5,リルフロスト,牡,4,56.0,514,13,岡部誠,藤ケ人,,3,1:31.3,40.2,3-2-2-2,1,514,13
2025/01/14,名古屋,11,やぎ座特別Ｂ１,1400,ダ,右,良,晴,8,6,6,キーフェイス,牝,9,54.0,471,-2,大畑慧,竹下太,,4,1:31.4,38.9,7-8-8-7,5,471,-2
2025/01/14,名古屋,11,やぎ座特別Ｂ１,1400,ダ,右,良,晴,8,7,7,インフォーマント,牡,7,56.0,473,-4,細川智,地辺幸,,5,1:31.7,39.3,6-6-7-8,8,473,-4
2025/01/14,名古屋,11,やぎ座特別Ｂ１,1400,ダ,右,良,晴,8,1,1,アナンクス,牡,8,56.0,470,1,今井貴,地辺幸,,6,1:31.7,39.4,8-7-6-6,6,470,1
2025/01/14,名古屋,11,やぎ座特別Ｂ１,1400,ダ,右,良,晴,8,4,4,シントーチャチャ,牝,5,54.0,436,-20,大畑雅,今津博,,7,1:32.1,40.7,2-3-4-4,2,436,-20
2025/01/14,名古屋,11,やぎ座特別Ｂ１,1400,ダ,右,良,晴,8,8,8,アオラキ,牡,5,56.0,491,4,村上弘,今津勝,,8,1:32.4,40.9,4-5-5-5,4,491,4
