race_date,venue,race_no,race_name,distance,surface,direction,track_cond,weather,field_size,waku,horse_no,horse_name,sex,age,weight_carried,horse_weight,weight_change,jockey,trainer,win_odds,score,top3_prob,rank_score,market_pop,data_reliability,n_hist,n_venue,is_ten_nori,avg_speed_idx,avg_last3f_idx,avg_corner_ratio,reason
2026/06/19,川崎,1,３歳９,1400,ダ,左,,,8,1,1,ラップサイディング,牝,3,54.0,,,町田直,内田勝,,0.6238184767481141,0.4003812066478864,-1.0,0,0.1111111111111111,1,1,0,0.9662162162162161,0.9418052256532066,1.0,↑前走人気 ↑直近人気 ↓速度指数
2026/06/19,川崎,1,３歳９,1400,ダ,左,,,8,2,2,ララヴィテス,牡,3,56.0,,,池谷匠,酒井忍,,0.0034321942679880137,0.3648973813399642,-3.0,0,0.2,2,2,1,0.9953560371517027,0.9929577464788732,0.6428571428571428,【テン乗り】↑直近人気 ↑前走人気 ↓過去人気率
2026/06/19,川崎,1,３歳９,1400,ダ,左,,,8,3,3,セッテベロ,牝,3,,,,加藤雄,山崎裕,,-0.8021941029186888,0.32899666944178946,-6.0,0,0.2,2,2,0,0.9908545625036015,0.9620156413634675,0.4722222222222222,↑調教師実績 ↑斤量 ↓過去人気率
2026/06/19,川崎,1,３歳９,1400,ダ,左,,,8,4,4,ゴーゴールイス,セン,3,56.0,,,古岡勇,加藤誠,,0.3567584623774111,0.375,-2.0,0,0.0,0,0,1,1.0,1.0,0.5,【テン乗り】↑直近人気 ↑前走人気 ↓騎手距離帯実績
2026/06/19,川崎,1,３歳９,1400,ダ,左,,,8,5,5,シイズダイヤモンド,牝,3,54.0,,,和田譲,高月賢,,-0.5898869059817288,0.32162070615817223,-5.0,0,0.2727272727272727,3,3,0,0.9917297923027405,0.9891705807041503,0.7796296296296296,↑調教師実績 ↑騎手勝率 ↓過去人気率
2026/06/19,川崎,1,３歳９,1400,ダ,左,,,8,6,6,クロムブレイズ,牝,3,54.0,,,伊藤裕,酒井忍,,-0.9281541446770271,0.30758852153976407,-7.0,0,0.2727272727272727,3,3,0,0.9854408933683247,0.9706655627231907,0.6497354497354497,↑調教師実績 ↑頭数 ↓過去人気率
2026/06/19,川崎,1,３歳９,1400,ダ,左,,,8,7,7,フルミネビアンコ,牡,3,56.0,,,櫻井光,田邊陽,,-0.29474749733785416,0.348164757534507,-4.0,0,0.2,2,2,0,0.9883483701319309,0.984779166957696,0.7071428571428571,↑直近人気 ↑斤量 ↓速度指数
2026/06/19,川崎,1,３歳９,1400,ダ,左,,,8,8,8,ベリルキャッツアイ,牡,3,56.0,,,矢野貴,高月賢,,1.0424815564333496,0.375,-0.0,0,0.0,0,0,1,1.0,1.0,0.5,【テン乗り】↑過去人気率 ↑直近人気 ↓過去人気平均
2026/06/19,川崎,2,３歳８,1400,ダ,左,,,9,1,1,マチダノチエコ,牝,3,54.0,,,藤江渉,山田質,,-0.6836702582049022,0.2722871063886482,-6.0,0,0.42857142857142855,6,6,0,0.9812289381341978,0.9759508713910389,0.6060185185185185,↑前走人気 ↑直近人気 ↓過去人気率
2026/06/19,川崎,2,３歳８,1400,ダ,左,,,9,2,2,アンプリフィ,牝,3,54.0,,,古岡勇,田邊陽,,-0.52085081326895,0.2867532552411594,-5.0,0,0.42857142857142855,6,6,0,0.9967731293895788,1.0012444541933208,0.6552188552188553,↑前走人気 ↑頭数 ↓斤量
2026/06/19,川崎,2,３歳８,1400,ダ,左,,,9,3,3,ユノアール,牝,3,,,,中山遥,林隆之,,-0.3686054947671599,0.3094184452630533,-4.0,0,0.3333333333333333,4,4,1,0.9896390904110652,0.977735655895792,0.5305555555555556,【テン乗り】↑直近人気 ↑前走人気 ↓速度指数
2026/06/19,川崎,2,３歳８,1400,ダ,左,,,9,4,4,エルブフォール,牡,3,,,,加藤雄,甲田悟,,-0.9081667085052036,0.2730579699475237,-7.0,0,0.3333333333333333,4,4,1,0.9911861894175182,0.9986512955196869,0.8785714285714286,【テン乗り】↑直近人気 ↑性別 ↓前走人気
2026/06/19,川崎,2,３歳８,1400,ダ,左,,,9,5,5,テセラグラディウス,牝,3,54.0,,,佐野遥,高橋宏,,-0.04546199941089047,0.3333333333333333,-2.0,0,0.0,0,0,1,1.0,1.0,0.5,【テン乗り】↑前走人気 ↑直近人気 ↓斤量
2026/06/19,川崎,2,３歳８,1400,ダ,左,,,9,6,6,パワーラクーン,牝,3,54.0,,,野畑凌,茂木浩,,0.3696142444030814,0.3916872736613984,-1.0,0,0.2727272727272727,3,3,1,1.0000170371898556,1.0088421675097292,0.5566137566137567,【テン乗り】↑前走人気 ↑直近人気 ↓川崎出走数
2026/06/19,川崎,2,３歳８,1400,ダ,左,,,9,7,7,タイトノット,牡,3,56.0,,,伊藤裕,武井和,,-1.1165461453321097,0.24354210408967866,-8.0,0,0.42857142857142855,6,6,0,0.9945516033166811,0.9932443864751727,0.8200757575757575,↑斤量 ↑過去人気平均 ↓過去人気率
2026/06/19,川崎,2,３歳８,1400,ダ,左,,,9,8,8,シゴデキ,牝,3,54.0,,,笹川翼,山崎誠,,0.8176232143066277,0.3333333333333333,-0.0,0,0.0,0,0,1,1.0,1.0,0.5,【テン乗り】↑前走人気 ↑騎手実績 ↓斤量
2026/06/19,川崎,2,３歳８,1400,ダ,左,,,9,9,9,ダイリュウラッキー,牡,3,56.0,,,池谷匠,村田順,,-0.2961508751184029,0.3191275583932594,-3.0,0,0.2727272727272727,3,3,0,0.9989615896802001,0.9931920289038398,0.4166666666666667,↑直近人気 ↑前走人気 ↓過去人気率
2026/06/19,川崎,3,スパーキングデビュー新馬２歳５ニ,900,ダ,左,,,6,1,1,ブランソックス,牝,2,54.0,,,新原周,林隆之,,0.32334277946646284,0.5,-2.0,0,0.0,0,0,1,1.0,1.0,0.5,【テン乗り】↑前走人気 ↑調教師実績 ↓斤量
2026/06/19,川崎,3,スパーキングデビュー新馬２歳５ニ,900,ダ,左,,,6,2,2,ロビンマジョリティ,牝,2,54.0,,,池谷匠,田島寿,,-0.1346798337280367,0.5,-5.0,0,0.0,0,0,1,1.0,1.0,0.5,【テン乗り】↑前走人気 ↑直近人気 ↓斤量
2026/06/19,川崎,3,スパーキングデビュー新馬２歳５ニ,900,ダ,左,,,6,3,3,ラウロカンピオーネ,牡,2,54.0,,,町田直,佐々仁,,0.6531216746694192,0.5,-0.0,0,0.0,0,0,1,1.0,1.0,0.5,【テン乗り】↑前走人気 ↑直近人気 ↓斤量
2026/06/19,川崎,3,スパーキングデビュー新馬２歳５ニ,900,ダ,左,,,6,4,4,インディゴールド,牡,2,54.0,,,野畑凌,田邊陽,,0.18793243338348037,0.5,-4.0,0,0.0,0,0,1,1.0,1.0,0.5,【テン乗り】↑直近人気 ↑前走人気 ↓斤量
2026/06/19,川崎,3,スパーキングデビュー新馬２歳５ニ,900,ダ,左,,,6,5,5,ユルディズ,牝,2,54.0,,,笹川翼,山田質,,0.4244683773237876,0.5,-1.0,0,0.0,0,0,1,1.0,1.0,0.5,【テン乗り】↑前走人気 ↑騎手距離帯実績 ↓斤量
2026/06/19,川崎,3,スパーキングデビュー新馬２歳５ニ,900,ダ,左,,,6,6,6,ミヤフィデース,牝,2,54.0,,,中越琉,鈴木義,,0.1900338527400576,0.5,-3.0,0,0.0,0,0,1,1.0,1.0,0.5,【テン乗り】↑前走人気 ↑直近人気 ↓斤量
2026/06/19,川崎,4,スパーキングデビュー新馬２歳４ハ,900,ダ,左,,,5,1,1,アイビーペネロペ,牝,2,54.0,,,古岡勇,平田正,,-0.06394529478116566,0.6,-4.0,0,0.0,0,0,1,1.0,1.0,0.5,【テン乗り】↑前走人気 ↑直近人気 ↓斤量
2026/06/19,川崎,4,スパーキングデビュー新馬２歳４ハ,900,ダ,左,,,5,2,2,バースバイパー,牝,2,54.0,,,佐野遥,久保秀,,0.170081172949829,0.6,-3.0,0,0.0,0,0,1,1.0,1.0,0.5,【テン乗り】↑前走人気 ↑直近人気 ↓斤量
2026/06/19,川崎,4,スパーキングデビュー新馬２歳４ハ,900,ダ,左,,,5,3,3,ダムブランシュ,牝,2,54.0,,,増田充,鈴木義,,0.22035569218726292,0.6,-2.0,0,0.0,0,0,1,1.0,1.0,0.5,【テン乗り】↑前走人気 ↑直近人気 ↓斤量
2026/06/19,川崎,4,スパーキングデビュー新馬２歳４ハ,900,ダ,左,,,5,4,4,ピュアサロンガ,牝,2,54.0,,,矢野貴,内田勝,,0.6641588992899555,0.6,-0.0,0,0.0,0,0,1,1.0,1.0,0.5,【テン乗り】↑前走人気 ↑直近人気 ↓斤量
2026/06/19,川崎,4,スパーキングデビュー新馬２歳４ハ,900,ダ,左,,,5,5,5,ウィズサークレット,牝,2,54.0,,,町田直,山崎裕,,0.6175364799089763,0.6,-1.0,0,0.0,0,0,1,1.0,1.0,0.5,【テン乗り】↑前走人気 ↑直近人気 ↓斤量
2026/06/19,川崎,5,ヴェルザンディ賞Ｃ２Ｃ３選定馬,2000,ダ,左,,,10,1,1,マイアイガー,牡,7,55.0,,,田中涼,加藤誠,,-0.3761516980054071,0.2846405590231362,-5.0,0,0.8297872340425532,39,0,1,0.9993075716411772,1.0066986442141281,0.6926825311440695,【テン乗り】↑前走人気 ↑過去人気率 ↓騎手実績
2026/06/19,川崎,5,ヴェルザンディ賞Ｃ２Ｃ３選定馬,2000,ダ,左,,,10,2,2,スマイルフェリス,牝,5,55.0,,,佐野遥,高橋宏,,-0.2047279921403673,0.3227511393649861,-3.0,0,0.6666666666666666,16,16,0,1.0072916823153288,1.0149610801435904,0.41676014957264956,↑直近人気 ↑過去人気率 ↓前走人気
2026/06/19,川崎,5,ヴェルザンディ賞Ｃ２Ｃ３選定馬,2000,ダ,左,,,10,3,3,タイセイルシエル,牡,4,57.0,,,町田直,内田勝,,0.5276043371210934,0.49747941927457806,-0.0,0,0.5,8,6,0,1.002741089457211,1.0079060262300563,0.46478174603174605,↑直近人気 ↑前走人気 ↓川崎出走数
2026/06/19,川崎,5,ヴェルザンディ賞Ｃ２Ｃ３選定馬,2000,ダ,左,,,10,4,4,ワンラヴ,牝,8,55.0,,,藤江渉,村田六,,-1.276764741340103,0.1387193633242209,-7.0,0,0.8688524590163934,53,32,1,1.0032075923361528,1.0103077936680962,0.5697048234784083,【テン乗り】↑過去人気率 ↑フォーム改善 ↓直近人気
2026/06/19,川崎,5,ヴェルザンディ賞Ｃ２Ｃ３選定馬,2000,ダ,左,,,10,5,5,アンジェラカフェ,牝,7,53.0,,,岡村裕,山田正,,-1.4001810766968128,0.12806574066180015,-8.0,0,0.864406779661017,51,41,0,1.0001414561687731,1.002151112739806,0.5395983645983646,↑頭数 ↑フォーム改善 ↓前走人気
2026/06/19,川崎,5,ヴェルザンディ賞Ｃ２Ｃ３選定馬,2000,ダ,左,,,10,6,6,ポケットシンデレラ,牝,7,53.0,,,七夕裕,長谷忍,,-1.7476072871257462,0.11831178470331334,-9.0,0,0.7948717948717948,31,5,0,0.9889514235259549,0.9814738826903933,0.8038710393549103,↑過去人気平均 ↑頭数 ↓過去人気率
2026/06/19,川崎,5,ヴェルザンディ賞Ｃ２Ｃ３選定馬,2000,ダ,左,,,10,7,7,バイアルド,牡,7,55.0,,,野畑凌,茂木浩,,-0.8353926802402829,0.20575835273988155,-6.0,0,0.7714285714285715,27,0,1,1.003458688790272,1.0168667392888013,0.6269196852530186,【テン乗り】↑調教師実績 ↑騎手勝率 ↓直近人気
2026/06/19,川崎,5,ヴェルザンディ賞Ｃ２Ｃ３選定馬,2000,ダ,左,,,10,8,8,モナークスラッガー,牡,6,,,,加藤雄,田島寿,,-0.3380024493131443,0.293751476559053,-4.0,0,0.8260869565217391,38,26,0,1.00303929172535,1.0090018651223993,0.5157274012537171,↑前走人気 ↑速度指数 ↓川崎出走数
2026/06/19,川崎,5,ヴェルザンディ賞Ｃ２Ｃ３選定馬,2000,ダ,左,,,10,8,9,ファイナルワンダー,牡,6,55.0,,,笹川翼,田島寿,,0.05128350046868736,0.3987105361744591,-2.0,0,0.75,24,15,0,1.0015375495214196,1.0063202942664995,0.5470761877011877,↑騎手実績 ↑騎手距離帯実績 ↓川崎出走数
2026/06/19,川崎,5,ヴェルザンディ賞Ｃ２Ｃ３選定馬,2000,ダ,左,,,10,10,10,アイビーブリッツ,牡,5,57.0,,,新原周,山崎誠,,0.19964762663111602,0.40622346336336784,-1.0,0,0.5294117647058824,9,6,0,1.0043492601224824,1.0044754912781466,0.31063011063011065,↑斤量 ↑直近人気 ↓川崎出走数
2026/06/19,川崎,6,雲神賞Ｃ２選定馬,900,ダ,左,,,11,1,1,ヒシルリアン,牡,6,56.0,,,岡田大,川島豊,,-2.0892758245778364,0.09228507364373377,-10.0,0,0.813953488372093,35,12,0,0.9905682330211371,0.985270458509774,0.7609254237825667,↑斤量 ↑過去人気平均 ↓直近人気
2026/06/19,川崎,6,雲神賞Ｃ２選定馬,900,ダ,左,,,11,2,2,リュウノシンクウハ,牡,5,56.0,,,増田充,高月賢,,0.18083619083462518,0.3834151461586597,-1.0,0,0.5,8,6,1,1.0099475909054956,1.0036988047379203,0.25892857142857145,【テン乗り】↑直近人気 ↑過去人気率 ↓川崎出走数
2026/06/19,川崎,6,雲神賞Ｃ２選定馬,900,ダ,左,,,11,3,3,ティロワール,牝,5,54.0,,,中越琉,今井輝,,-1.636611905442499,0.1987021572532601,-9.0,0,0.38461538461538464,5,3,1,0.9903678724584546,0.9816705640818482,0.7022311022311023,【テン乗り】↑過去人気平均 ↑年齢 ↓前走人気
2026/06/19,川崎,6,雲神賞Ｃ２選定馬,900,ダ,左,,,11,4,4,メイショウユウモウ,セン,4,56.0,,,佐野遥,武井和,,0.37128773110832153,0.4352455019185405,-0.0,0,0.5,8,4,0,0.9973846155731724,0.9743620327503155,0.2220238095238095,↑前走人気 ↑直近人気 ↓川崎出走数
2026/06/19,川崎,6,雲神賞Ｃ２選定馬,900,ダ,左,,,11,5,5,ポルタフェリーチェ,牝,4,54.0,,,山林信,平田正,,-1.1832843256284213,0.18207896377567562,-8.0,0,0.6190476190476191,13,13,0,0.9967759074378386,0.9900741743448502,0.5378898878898879,↑調教師実績 ↑過去人気率 ↓前走人気
2026/06/19,川崎,6,雲神賞Ｃ２選定馬,900,ダ,左,,,11,6,6,クラウディルックス,牝,4,54.0,,,池谷匠,内田勝,,-1.1591109896612242,0.1792435531746499,-7.0,0,0.6521739130434783,15,0,1,0.9790849058233729,0.9403545050421159,0.17735042735042733,【テン乗り】↑調教師実績 ↑過去人気率 ↓前走人気
2026/06/19,川崎,6,雲神賞Ｃ２選定馬,900,ダ,左,,,11,7,7,イクノガキタゾ,牡,4,56.0,,,菅原涼,佐々仁,,-0.5697659394450016,0.24453439686360762,-5.0,0,0.7142857142857143,20,18,0,0.9991825308549303,0.9999569375909703,0.6748232323232324,↑調教師実績 ↑斤量 ↓川崎出走数
2026/06/19,川崎,6,雲神賞Ｃ２選定馬,900,ダ,左,,,11,7,8,ダッシングマン,牡,4,56.0,,,藤江渉,平田正,,0.09719369955200619,0.3963029452836019,-2.0,0,0.68,17,6,0,1.0057069536269663,1.0073595659271346,0.4690185631362102,↑前走人気 ↑斤量 ↓川崎出走数
2026/06/19,川崎,6,雲神賞Ｃ２選定馬,900,ダ,左,,,11,9,9,オースター,牡,8,56.0,,,西啓太,山崎裕,,-0.09818467091499881,0.35499646548233893,-3.0,0,0.813953488372093,35,35,0,1.003368119658151,0.9868343369557467,0.23362526362526362,↑前走人気 ↑直近人気 ↓年齢
2026/06/19,川崎,6,雲神賞Ｃ２選定馬,900,ダ,左,,,11,8,10,レターフロムパリ,牝,5,54.0,,,櫻井光,久保勇,,-0.7772657207686525,0.21419368841869976,-6.0,0,0.7037037037037037,19,11,0,0.9952289479579447,0.9807572585166764,0.3379442195231669,↑脚質(通過順) ↑年齢 ↓直近人気
2026/06/19,川崎,6,雲神賞Ｃ２選定馬,900,ダ,左,,,11,11,11,ゴーゴーダンサー,牝,5,,,,加藤雄,安池成,,-0.4231640674227208,0.2711430522998671,-4.0,0,0.6,12,11,0,1.000105972596247,0.9902863218110843,0.4231481481481481,↑直近人気 ↑斤量 ↓過去人気率
2026/06/19,川崎,7,Ｃ１一 二,1400,ダ,左,,,12,1,1,ヒソカ,牡,4,56.0,,,安藤洋,佐藤博,,0.5352612511734733,0.3450759578243768,-1.0,0,0.5294117647058824,9,8,0,1.007879817776404,1.0083375490836763,0.3337101170434504,↑前走人気 ↑直近人気 ↓川崎出走数
2026/06/19,川崎,7,Ｃ１一 二,1400,ダ,左,,,12,2,2,ベルトネ,牝,4,54.0,,,山中悠,山下之,,0.07715453107415268,0.2543411513608745,-4.0,0,0.2,2,0,1,1.0014683329281726,1.0032894736842106,0.5384615384615384,【テン乗り】↑前走人気 ↑直近人気 ↓斤量
2026/06/19,川崎,7,Ｃ１一 二,1400,ダ,左,,,12,3,3,アトラスライズ,牝,5,54.0,,,櫻井光,久保勇,,-1.1577978101908704,0.11083450204344139,-11.0,0,0.813953488372093,35,1,0,1.0016666668555543,1.0148396164680975,0.7285389610389611,↑年齢 ↑過去人気率 ↓直近人気
2026/06/19,川崎,7,Ｃ１一 二,1400,ダ,左,,,12,4,4,ヴォラーレ,牡,4,56.0,,,伊藤裕,村田順,,-0.20564277526405855,0.22200491293881786,-6.0,0,0.6190476190476191,13,1,1,1.0025815287462838,1.0031011020519132,0.6039761520530751,【テン乗り】↑直近人気 ↑斤量 ↓過去人気率
2026/06/19,川崎,7,Ｃ１一 二,1400,ダ,左,,,12,5,5,リコーターター,牝,4,54.0,,,西啓太,久保秀,,-0.557226261355942,0.18091894004237954,-8.0,0,0.6521739130434783,15,15,0,1.0004932806815021,1.002426013477933,0.467970177970178,↑調教師実績 ↑過去人気率 ↓前走人気
2026/06/19,川崎,7,Ｃ１一 二,1400,ダ,左,,,12,6,6,オニノタマゴ,牡,5,56.0,,,古岡勇,安池成,,0.11999112001582704,0.2686653272268369,-3.0,0,0.5555555555555556,10,10,0,1.0067760112430935,1.0108731731174452,0.39170995670995673,↑直近人気 ↑前走人気 ↓川崎出走数
2026/06/19,川崎,7,Ｃ１一 二,1400,ダ,左,,,12,6,7,エスジースパークル,牝,6,54.0,,,池谷匠,田島寿,,-1.0440870098418946,0.16452228909155095,-10.0,0,0.5294117647058824,9,6,0,0.9940969716418648,0.9762067931345615,0.3672623672623673,↑脚質(通過順) ↑年齢 ↓前走人気
2026/06/19,川崎,7,Ｃ１一 二,1400,ダ,左,,,12,8,8,ショウナンマンテン,牝,5,54.0,,,岡村裕,武井和,,-1.0037237072755227,0.14707982159029379,-9.0,0,0.6521739130434783,15,15,0,0.9988336732711777,0.986457804716808,0.38657287157287157,↑過去人気率 ↑通算勝率 ↓前走人気
2026/06/19,川崎,7,Ｃ１一 二,1400,ダ,左,,,12,7,9,ボルドーティラミス,牝,4,,,,中山遥,田邊陽,,-0.2836614782389071,0.20455603927531285,-7.0,0,0.75,24,16,0,1.0008879107774966,0.9962935302289585,0.40907726532726535,↑直近人気 ↑斤量 ↓過去人気率
2026/06/19,川崎,7,Ｃ１一 二,1400,ダ,左,,,12,10,10,ライヴドライバー,牡,4,56.0,,,中越琉,山崎尋,,0.24384372671723598,0.25,-2.0,0,0.0,0,0,1,1.0,1.0,0.5,【テン乗り】↑過去人気率 ↑直近人気 ↓騎手距離帯実績
2026/06/19,川崎,7,Ｃ１一 二,1400,ダ,左,,,12,8,11,アマモト,牡,5,56.0,,,福原杏,山崎裕,,-0.18876188923403178,0.2216190637469325,-5.0,0,0.68,17,6,0,1.0041015231497972,1.0023155006009647,0.37861191096485214,↑直近人気 ↑調教師実績 ↓川崎出走数
2026/06/19,川崎,7,Ｃ１一 二,1400,ダ,左,,,12,12,12,ミヤビモルタル,牡,5,56.0,,,矢野貴,岩崎真,,1.005988773817904,0.5418922760303724,-0.0,0,0.6666666666666666,16,0,0,1.00762026197823,1.002254432795649,0.2542565073815074,↑前走人気 ↑直近人気 ↓通算勝率
2026/06/19,川崎,8,Ｃ１一 二,1400,ダ,左,,,12,1,1,ジーティーアグリム,牝,5,54.0,,,本田重,山崎尋,,0.44791663709236745,0.3119605226866483,-2.0,0,0.42857142857142855,6,5,0,1.0060512378071491,1.0061274168606682,0.3273809523809524,↑前走人気 ↑直近人気 ↓斤量
2026/06/19,川崎,8,Ｃ１一 二,1400,ダ,左,,,12,2,2,アルティメット,牝,5,54.0,,,中越琉,武井和,,-1.0506257561745347,0.1313245981868068,-11.0,0,0.7333333333333333,22,14,0,1.0026625891034868,0.9966650720738524,0.45513905286632556,↑速度指数 ↑過去人気率 ↓前走人気
2026/06/19,川崎,8,Ｃ１一 二,1400,ダ,左,,,12,3,3,バトルクリーク,牡,5,56.0,,,木間龍,齊藤敏,,0.12806915457829635,0.27572996487790036,-4.0,0,0.7037037037037037,19,1,0,1.0004256353405816,1.0031590017207261,0.5230462519936204,↑直近人気 ↑前走人気 ↓騎手距離帯実績
2026/06/19,川崎,8,Ｃ１一 二,1400,ダ,左,,,12,4,4,ブリヤンオーブ,牡,4,56.0,,,鷹見陸,山下之,,-0.0383525412233368,0.2454378106617553,-5.0,0,0.6190476190476191,13,0,0,1.0014019745586724,0.993688559471731,0.3094943518020441,↑調教師実績 ↑斤量 ↓過去人気率
2026/06/19,川崎,8,Ｃ１一 二,1400,ダ,左,,,12,5,5,ランニングホット,牝,4,54.0,,,矢野貴,山崎裕,,0.5461244680846022,0.3572740295022689,-1.0,0,0.5789473684210527,11,11,0,1.0041378190402026,1.006370796475144,0.33894136166863437,↑前走人気 ↑直近人気 ↓川崎出走数
2026/06/19,川崎,8,Ｃ１一 二,1400,ダ,左,,,12,6,6,タキ,牡,5,56.0,,,古岡勇,甲田悟,,-0.643625515193385,0.18469891368250024,-10.0,0,0.5555555555555556,10,3,1,0.9972626183206128,0.9978399004312924,0.6065678765678766,【テン乗り】↑直近人気 ↑斤量 ↓前走人気
2026/06/19,川崎,8,Ｃ１一 二,1400,ダ,左,,,12,6,7,ノーブルウィスパー,牝,5,54.0,,,岡村裕,佐々仁,,-0.5128765250095689,0.18265280411578183,-9.0,0,0.68,17,17,0,1.0034903367958958,1.0053854619959253,0.36235039470333585,↑調教師実績 ↑過去人気率 ↓騎手実績
2026/06/19,川崎,8,Ｃ１一 二,1400,ダ,左,,,12,8,8,スターアドミラル,牡,5,56.0,,,佐野遥,高月賢,,-0.511522471534099,0.1784295034805954,-8.0,0,0.7241379310344828,21,17,0,0.9987594580008837,0.985139994790672,0.330571016285302,↑過去人気率 ↑調教師実績 ↓前走人気
2026/06/19,川崎,8,Ｃ１一 二,1400,ダ,左,,,12,7,9,ウワサノアノコ,牝,6,54.0,,,櫻井光,高橋宏,,-0.19688204122107078,0.21851079096697887,-6.0,0,0.7333333333333333,22,14,0,1.002360525588175,0.9983040765420916,0.3588724406906225,↑前走人気 ↑直近人気 ↓川崎出走数
2026/06/19,川崎,8,Ｃ１一 二,1400,ダ,左,,,12,10,10,モジモジ,牡,4,,,,加藤雄,安池成,,-0.32982848651823876,0.2062714191703422,-7.0,0,0.6363636363636364,14,14,0,1.0044744991752894,1.0107112441447976,0.5251766091051805,↑前走人気 ↑調教師実績 ↓川崎出走数
2026/06/19,川崎,8,Ｃ１一 二,1400,ダ,左,,,12,8,11,ヴィトーリアヘーザ,牝,4,54.0,,,新原周,酒井忍,,0.14581897137816258,0.2660367293776086,-3.0,0,0.38461538461538464,5,4,0,1.0097519780129913,1.0108071403501544,0.15151515151515152,↑前走人気 ↑直近人気 ↓斤量
2026/06/19,川崎,8,Ｃ１一 二,1400,ダ,左,,,12,12,12,ニシノヒミチュ,牝,4,54.0,,,野畑凌,久保秀,,0.5526656596739364,0.25,-0.0,0,0.0,0,0,1,1.0,1.0,0.5,【テン乗り】↑過去人気率 ↑前走人気 ↓斤量
2026/06/19,川崎,9,レーニョ賞Ｃ１選定馬,1600,ダ,左,,,12,1,1,ガルニエ,牡,5,56.0,,,西啓太,秋山直,,0.13202219805237625,0.25247799204514154,-3.0,0,0.7037037037037037,19,14,1,1.0077530381347983,1.0051027234466194,0.28648690490795753,【テン乗り】↑直近人気 ↑前走人気 ↓川崎出走数
2026/06/19,川崎,9,レーニョ賞Ｃ１選定馬,1600,ダ,左,,,12,2,2,コルネットロッソ,牡,5,56.0,,,御神訓,林隆之,,1.000899731197837,0.415411875241006,-0.0,0,0.4666666666666667,7,6,0,1.016844611595228,1.0389819483943,0.40714285714285714,↑前走人気 ↑直近人気 ↓川崎出走数
2026/06/19,川崎,9,レーニョ賞Ｃ１選定馬,1600,ダ,左,,,12,3,3,タイムトゥキル,牝,6,54.0,,,池谷匠,内田勝,,-1.039699279684872,0.10712442567273894,-10.0,0,0.8333333333333334,40,11,0,1.0007909731833453,1.004936578546959,0.5861335886335887,↑調教師実績 ↑フォーム改善 ↓前走人気
2026/06/19,川崎,9,レーニョ賞Ｃ１選定馬,1600,ダ,左,,,12,4,4,クリスタルアロー,牡,4,,,,加藤雄,山崎尋,,-0.7513323620203095,0.15530706378372938,-9.0,0,0.6521739130434783,15,13,0,1.0025585580910332,1.0105157483099194,0.6098669848669849,↑過去人気率 ↑斤量 ↓前走人気
2026/06/19,川崎,9,レーニョ賞Ｃ１選定馬,1600,ダ,左,,,12,5,5,マルターズヴェロス,牡,4,56.0,,,岡村健,齊藤敏,,0.2030353543940683,0.2585305193146999,-2.0,0,0.38461538461538464,5,1,0,1.0019826203846118,0.9972727648645335,0.30952380952380953,↑前走人気 ↑直近人気 ↓通算勝率
2026/06/19,川崎,9,レーニョ賞Ｃ１選定馬,1600,ダ,左,,,12,6,6,ダイゴホマレリュウ,牡,5,56.0,,,藤江渉,山田質,,-0.22028336282431135,0.1987443277393468,-8.0,0,0.7142857142857143,20,12,0,1.0028145653777227,0.9971351697820798,0.4209977522477522,↑過去人気率 ↑前走人気 ↓川崎出走数
2026/06/19,川崎,9,レーニョ賞Ｃ１選定馬,1600,ダ,左,,,12,6,7,ベリーク,牡,5,56.0,,,町田直,高月賢,,0.093376818886137,0.24612507078311022,-4.0,0,0.6363636363636364,14,12,0,1.004687219136544,1.0133507717644945,0.5787545787545787,↑直近人気 ↑前走人気 ↓川崎出走数
2026/06/19,川崎,9,レーニョ賞Ｃ１選定馬,1600,ダ,左,,,12,8,8,プルーフリーダー,牡,5,56.0,,,笹川翼,加藤誠,,-0.03305965381509996,0.22713580551890453,-6.0,0,0.6521739130434783,15,12,0,1.0036289198061064,0.9886817517600708,0.22305028305028304,↑騎手実績 ↑騎手距離帯実績 ↓前走人気
2026/06/19,川崎,9,レーニョ賞Ｃ１選定馬,1600,ダ,左,,,12,7,9,ニキ,牡,5,56.0,,,和田譲,野口寛,,-0.13177039073102112,0.22074368977033965,-7.0,0,0.5294117647058824,9,3,1,1.000590298131061,0.9945211809686055,0.47655924322590987,【テン乗り】↑直近人気 ↑斤量 ↓前走人気
2026/06/19,川崎,9,レーニョ賞Ｃ１選定馬,1600,ダ,左,,,12,10,10,ヴィヴィッドムーン,牝,4,54.0,,,本田重,高月賢,,0.015533955622826738,0.23782214553667957,-5.0,0,0.5,8,7,1,1.00585245726155,0.999462191444765,0.2815934065934066,【テン乗り】↑直近人気 ↑調教師実績 ↓川崎出走数
2026/06/19,川崎,9,レーニョ賞Ｃ１選定馬,1600,ダ,左,,,12,8,11,ウインメラナイト,牡,5,56.0,,,古岡勇,古澤悟,,-1.047930830907541,0.1696891782826146,-11.0,0,0.4666666666666667,7,6,0,1.001819394931777,1.00636997157183,0.6108843537414966,↑過去人気率 ↑斤量 ↓前走人気
2026/06/19,川崎,9,レーニョ賞Ｃ１選定馬,1600,ダ,左,,,12,12,12,アイビーガオー,牡,4,56.0,,,新原周,茂木浩,,0.9085078162728294,0.3905178097946844,-1.0,0,0.4666666666666667,7,4,0,1.0190537527913273,1.0409507065541308,0.34492888064316635,↑前走人気 ↑直近人気 ↓川崎出走数
2026/06/19,川崎,10,千軍万馬賞Ｂ２Ｂ３選定馬,900,ダ,左,,,11,1,1,プレストルーチェ,セン,9,57.0,,,山中悠,高橋宏,,-1.173781402851992,0.12649677941170323,-10.0,0,0.8367346938775511,41,8,0,0.9985327108188039,0.9931942636313827,0.6057314636582929,↑斤量 ↑騎手距離帯実績 ↓直近人気
2026/06/19,川崎,10,千軍万馬賞Ｂ２Ｂ３選定馬,900,ダ,左,,,11,2,2,トリプルアクセル,牝,9,53.0,,,西啓太,山崎裕,,-1.1119681179717917,0.1296470346495206,-9.0,0,0.8490566037735849,45,30,0,1.0041637072940823,1.0051332882897392,0.5089834856501523,↑調教師実績 ↑過去人気率 ↓前走人気
2026/06/19,川崎,10,千軍万馬賞Ｂ２Ｂ３選定馬,900,ダ,左,,,11,3,3,ランラン,牝,4,55.0,,,山林信,平田正,,-0.882054800828091,0.18039298256926162,-8.0,0,0.6521739130434783,15,14,0,1.00586835896713,0.9981931036106602,0.38531986531986534,↑過去人気率 ↑速度指数 ↓直近人気
2026/06/19,川崎,10,千軍万馬賞Ｂ２Ｂ３選定馬,900,ダ,左,,,11,4,4,ポッドレオ,牡,5,57.0,,,古岡勇,佐々仁,,-0.18082464012948127,0.2660447794482694,-4.0,0,0.8048780487804879,33,11,0,1.0001059817898021,0.9942413289292638,0.45844387094387096,↑斤量 ↑前走人気 ↓直近人気
2026/06/19,川崎,10,千軍万馬賞Ｂ２Ｂ３選定馬,900,ダ,左,,,11,5,5,ボニーマジェスティ,牡,7,57.0,,,町田直,平田正,,0.4451735131253976,0.4438120784093998,-1.0,0,0.7714285714285715,27,1,0,1.0048607604503967,1.0003298745945524,0.30768017990240215,↑前走人気 ↑斤量 ↓年齢
2026/06/19,川崎,10,千軍万馬賞Ｂ２Ｂ３選定馬,900,ダ,左,,,11,6,6,カンノンアーニモ,牡,5,55.0,,,佐野遥,河津裕,,0.363089436940037,0.40136921982352136,-2.0,0,0.7037037037037037,19,18,1,1.0099757616363922,1.0029208441978759,0.3084225715804663,【テン乗り】↑前走人気 ↑直近人気 ↓川崎出走数
2026/06/19,川崎,10,千軍万馬賞Ｂ２Ｂ３選定馬,900,ダ,左,,,11,7,7,ライヴペッパー,牡,6,55.0,,,藤本現,山崎裕,,-0.2557364108916891,0.25126158304392393,-6.0,0,0.7837837837837838,29,28,0,1.004305251715192,1.009585623442184,0.5447803154699706,↑直近人気 ↑調教師実績 ↓川崎出走数
2026/06/19,川崎,10,千軍万馬賞Ｂ２Ｂ３選定馬,900,ダ,左,,,11,7,8,グランドフロイデ,牡,3,,,,加藤雄,河津裕,,-0.06178237541183076,0.28780253356112,-3.0,0,0.6,12,12,0,0.9930207964406206,0.9735093243697629,0.2376322751322751,↑直近人気 ↑前走人気 ↓速度指数
2026/06/19,川崎,10,千軍万馬賞Ｂ２Ｂ３選定馬,900,ダ,左,,,11,9,9,アイルプロテクト,牡,5,55.0,,,笹川翼,高月賢,,0.4768267624772133,0.43998329996492036,-0.0,0,0.7037037037037037,19,16,0,1.005865186730639,1.000237008447131,0.31255411255411253,↑前走人気 ↑直近人気 ↓川崎出走数
2026/06/19,川崎,10,千軍万馬賞Ｂ２Ｂ３選定馬,900,ダ,左,,,11,8,10,ラヴォミ,牝,4,55.0,,,岡村健,林隆之,,-0.21792119462452939,0.26103247419107645,-5.0,0,0.6521739130434783,15,15,0,1.013632413042147,1.0097272429101198,0.37202020202020203,↑過去人気率 ↑速度指数 ↓前走人気
2026/06/19,川崎,10,千軍万馬賞Ｂ２Ｂ３選定馬,900,ダ,左,,,11,11,11,タツノマッハ,牡,8,57.0,,,櫻井光,田邊陽,,-0.7898213122174708,0.16897236533932236,-7.0,0,0.8048780487804879,33,31,0,1.001319116858252,0.996595078181247,0.45101775329048055,↑斤量 ↑過去人気率 ↓前走人気
2026/06/19,川崎,11,短夜特別Ｂ１二Ｂ２一,1500,ダ,左,,,11,1,1,シャンパンファイト,牡,6,57.0,,,新原周,甲田悟,,0.1982461420740076,0.2296811490712834,-6.0,0,0.7647058823529411,26,16,1,1.0022075534730686,0.9944388725677799,0.34592085265162187,【テン乗り】↑前走人気 ↑斤量 ↓直近人気
2026/06/19,川崎,11,短夜特別Ｂ１二Ｂ２一,1500,ダ,左,,,11,2,2,エコロネオ,牡,5,57.0,,,鷹見陸,鈴木義,,0.3465362767794965,0.27031683954566116,-5.0,0,0.1111111111111111,1,0,1,0.9829383886255925,0.9524940617577197,0.8461538461538461,【テン乗り】↑直近人気 ↑前走人気 ↓速度指数
2026/06/19,川崎,11,短夜特別Ｂ１二Ｂ２一,1500,ダ,左,,,11,3,3,エレファントラン,牡,4,55.0,,,御神訓,山崎尋,,0.6196770326471126,0.3108285848095963,-2.0,0,0.6666666666666666,16,14,0,1.0051125927716855,1.0080426032979486,0.4456968378843379,↑前走人気 ↑直近人気 ↓川崎出走数
2026/06/19,川崎,11,短夜特別Ｂ１二Ｂ２一,1500,ダ,左,,,11,4,4,ミスマルゴー,牝,5,53.0,,,野畑凌,佐藤博,,0.10462264106305655,0.21870230799735474,-7.0,0,0.7142857142857143,20,20,0,1.006644198174026,0.9969853684857538,0.23223748473748476,↑直近人気 ↑騎手実績 ↓斤量
2026/06/19,川崎,11,短夜特別Ｂ１二Ｂ２一,1500,ダ,左,,,11,5,5,デアシュトゥルム,牡,6,,,,中山遥,鈴木義,,-0.39939772901778126,0.1541861818986468,-9.0,0,0.7714285714285715,27,21,1,1.0002850194469335,0.987763976671046,0.3454532093420983,【テン乗り】↑斤量 ↑調教師実績 ↓前走人気
2026/06/19,川崎,11,短夜特別Ｂ１二Ｂ２一,1500,ダ,左,,,11,6,6,タマモヴェナトル,牡,6,57.0,,,櫻井光,林隆之,,0.3647162816934297,0.2727272727272727,-4.0,0,0.0,0,0,1,1.0,1.0,0.5,【テン乗り】↑過去人気率 ↑斤量 ↓年齢
2026/06/19,川崎,11,短夜特別Ｂ１二Ｂ２一,1500,ダ,左,,,11,7,7,ピノマハナ,牡,4,57.0,,,西啓太,野口孝,,-0.44899211665204913,0.16431813975954537,-10.0,0,0.68,17,5,1,1.0019131991584902,1.0041164931348758,0.5781120023767082,【テン乗り】↑斤量 ↑通算勝率 ↓前走人気
2026/06/19,川崎,11,短夜特別Ｂ１二Ｂ２一,1500,ダ,左,,,11,7,8,スノーシュー,セン,5,57.0,,,本田重,内田勝,,0.6797845573770548,0.32075807973769715,-1.0,0,0.6190476190476191,13,12,0,1.006380683434219,1.0096367928553514,0.32775002775002776,↑直近人気 ↑斤量 ↓川崎出走数
2026/06/19,川崎,11,短夜特別Ｂ１二Ｂ２一,1500,ダ,左,,,11,9,9,サザンカ,牝,5,53.0,,,増田充,長友豊,,-0.10619907726570897,0.23502775100432105,-8.0,0,0.3333333333333333,4,3,1,1.0012970812081103,1.0005450650944423,0.5880952380952381,【テン乗り】↑前走人気 ↑直近人気 ↓斤量
2026/06/19,川崎,11,短夜特別Ｂ１二Ｂ２一,1500,ダ,左,,,11,8,10,リジン,牡,7,57.0,,,和田譲,水野貴,,1.4273300987856372,0.5322120543891151,-0.0,0,0.5555555555555556,10,0,1,1.0222874211880524,1.0336805610752422,0.12845959595959594,【テン乗り】↑前走人気 ↑直近人気 ↓年齢
2026/06/19,川崎,11,短夜特別Ｂ１二Ｂ２一,1500,ダ,左,,,11,11,11,ホッコーソムニウム,牡,6,57.0,,,佐野遥,山崎裕,,0.4112315758689,0.2694497015233327,-3.0,0,0.6666666666666666,16,16,0,1.0128782280196746,1.0130368199330397,0.23455155955155954,↑斤量 ↑直近人気 ↓川崎出走数
2026/06/19,川崎,12,ファイナルアンサー賞Ｃ２選定馬,1500,ダ,左,,,13,1,1,カフェランデブー,牝,5,54.0,,,池谷匠,吉橋淳,,-1.18403155252956,0.19312519456490582,-8.0,0,0.8095238095238095,34,27,0,0.9962438426482416,1.0072686741535186,0.8032554863437217,↑過去人気平均 ↑年齢 ↓前走人気
2026/06/19,川崎,12,ファイナルアンサー賞Ｃ２選定馬,1500,ダ,左,,,13,2,2,オトコユメラク,牡,4,56.0,,,増田充,山崎裕,,-0.9762425473168707,0.22840272018795454,-6.0,0,0.6,12,12,0,0.9942334871657588,0.9891037538521195,0.783531746031746,↑調教師実績 ↑斤量 ↓前走人気
2026/06/19,川崎,12,ファイナルアンサー賞Ｃ２選定馬,1500,ダ,左,,,13,3,3,ウロボロス,牡,5,,,,加藤雄,山崎尋,,-1.278441915484122,0.18870105034741624,-9.0,0,0.6666666666666666,16,13,0,0.9986320497333908,1.0009644625489553,0.608517871017871,↑過去人気率 ↑斤量 ↓直近人気
2026/06/19,川崎,12,ファイナルアンサー賞Ｃ２選定馬,1500,ダ,左,,,13,4,4,コミックガール,牝,5,54.0,,,櫻井光,吉橋淳,,-1.3924796703473816,0.1745727463255345,-10.0,0,0.6923076923076923,18,17,0,0.9981016268211762,0.9892026047645418,0.4837579087579088,↑年齢 ↑過去人気率 ↓直近人気
2026/06/19,川崎,12,ファイナルアンサー賞Ｃ２選定馬,1500,ダ,左,,,13,5,5,エムティラヴ,牝,4,54.0,,,中越琉,古澤悟,,-1.906073026599081,0.13471284244476112,-12.0,0,0.68,17,12,1,0.997429368520522,1.002309049123426,0.7118900707136001,【テン乗り】↑過去人気平均 ↑川崎3着内率 ↓直近人気
2026/06/19,川崎,12,ファイナルアンサー賞Ｃ２選定馬,1500,ダ,左,,,13,5,6,セイウンパイオニア,牡,5,56.0,,,山林信,田邊陽,,-0.7120093398821045,0.2762671549892442,-2.0,0,0.7037037037037037,19,18,0,0.9947921503742843,0.9976304044552017,0.6324444561286666,↑斤量 ↑年齢 ↓前走人気
2026/06/19,川崎,12,ファイナルアンサー賞Ｃ２選定馬,1500,ダ,左,,,13,7,7,グラスアラバニーユ,牡,7,56.0,,,佐野遥,吉橋淳,,-1.1043762085845137,0.2038527475544764,-7.0,0,0.8620689655172413,50,44,0,1.0016364223431595,0.9983035954404074,0.4470808080808081,↑斤量 ↑フォーム改善 ↓直近人気
2026/06/19,川崎,12,ファイナルアンサー賞Ｃ２選定馬,1500,ダ,左,,,13,6,8,ハナチャン,牝,5,54.0,,,田中涼,山田質,,-0.874540233412672,0.24529659813375587,-5.0,0,0.7142857142857143,20,19,0,1.0014009603782958,0.9970127564561266,0.421991341991342,↑過去人気率 ↑年齢 ↓前走人気
2026/06/19,川崎,12,ファイナルアンサー賞Ｃ２選定馬,1500,ダ,左,,,13,9,9,フクノバルトラン,牡,7,56.0,,,藤江渉,山田質,,-0.4928975108171503,0.3396866583684454,-1.0,0,0.7948717948717948,31,16,0,1.004772864843432,1.0159032040776899,0.5777175781208039,↑前走人気 ↑過去人気率 ↓直近人気
2026/06/19,川崎,12,ファイナルアンサー賞Ｃ２選定馬,1500,ダ,左,,,13,7,10,ユウユウスプレマン,セン,4,56.0,,,伊藤裕,久保秀,,-0.3098087973543034,0.3291998447188039,-0.0,0,0.4666666666666667,7,6,1,1.000129746402288,1.0121130455672842,0.6735526378383521,【テン乗り】↑直近人気 ↑斤量 ↓川崎出走数
2026/06/19,川崎,12,ファイナルアンサー賞Ｃ２選定馬,1500,ダ,左,,,13,11,11,カルストンオリビア,牝,4,54.0,,,野畑凌,八木喜,,-0.7489480353102658,0.26313410119068625,-3.0,0,0.6,12,8,1,0.9927325523242007,0.9796757701706876,0.47267593517593515,【テン乗り】↑騎手実績 ↑騎手距離帯実績 ↓直近人気
2026/06/19,川崎,12,ファイナルアンサー賞Ｃ２選定馬,1500,ダ,左,,,13,8,12,カツコノヒヤザケ,牡,4,56.0,,,岡村裕,田島寿,,-1.904494490572495,0.17649308134009972,-11.0,0,0.38461538461538464,5,5,1,0.9878453338173445,0.9900780464207152,0.8452380952380952,【テン乗り】↑斤量 ↑過去人気平均 ↓直近人気
2026/06/19,川崎,12,ファイナルアンサー賞Ｃ２選定馬,1500,ダ,左,,,13,13,13,キアラボヌール,牝,5,54.0,,,古岡勇,田島寿,,-0.8701684318711006,0.2487775790255426,-4.0,0,0.84,42,32,0,0.9957212569791228,0.993997165454872,0.61747927997928,↑年齢 ↑過去人気平均 ↓過去人気率
