race_date,venue,race_no,race_name,distance,surface,direction,track_cond,weather,field_size,waku,horse_no,horse_name,sex,age,weight_carried,horse_weight,weight_change,jockey,trainer,win_odds,score,top3_prob,rank_score,market_pop,data_reliability,n_hist,n_venue,reason
2026/06/18,名古屋,1,３歳１１組,1500,ダ,右,良,晴,11,1,1,ユイノレジスタンス,牡,3,57.0,,,今井貴,竹下直,34.0,-0.11014535269499619,0.24558846421464953,-5.4,6,0.3333333333333333,4,4,【テン乗り】↑直近人気 ↑斤量 ↓速度指数
2026/06/18,名古屋,1,３歳１１組,1500,ダ,右,良,晴,11,2,2,ホウオウアワード,牡,3,57.0,,,大原浩,櫻井今,135.1,0.01284747060319414,0.2614515989753421,-7.6000000000000005,9,0.2,2,2,↑前走人気 ↑斤量 ↓過去人気率
2026/06/18,名古屋,1,３歳１１組,1500,ダ,右,良,晴,11,3,3,トンデトンデトンデ,牡,3,57.0,,,塚本征,服部功,2.6,0.6905856280390237,0.2727272727272727,-0.2,1,0.0,0,0,【テン乗り】↑過去人気率 ↑直近人気 ↓馬番
2026/06/18,名古屋,1,３歳１１組,1500,ダ,右,良,晴,11,4,4,サドルトウショウ,牝,3,55.0,,,望月洵,瀬戸悟,10.6,0.8514230828869483,0.2980275915540724,-3.2,5,0.1111111111111111,1,1,↑直近人気 ↑前走人気 ↓休養日数
2026/06/18,名古屋,1,３歳１１組,1500,ダ,右,良,晴,11,5,5,ノーブルハンター,牡,3,57.0,,,加藤誓,倉地学,267.5,-0.4707119855302713,0.173205963790423,-9.8,11,0.7142857142857143,20,13,↑斤量 ↑直近着順 ↓前走人気
2026/06/18,名古屋,1,３歳１１組,1500,ダ,右,良,晴,11,6,6,グリュック,牡,3,57.0,,,加藤利,原口次,6.9,0.18978561691936133,0.27111588754537974,-3.4000000000000004,4,0.1111111111111111,1,1,↑直近人気 ↑斤量 ↓騎手勝率
2026/06/18,名古屋,1,３歳１１組,1500,ダ,右,良,晴,11,7,7,マイネルパーロル,牡,3,57.0,,,柿原翔,横井将,51.4,0.556936897072675,0.2727272727272727,-5.200000000000001,7,0.0,0,0,【テン乗り】↑過去人気率 ↑直近人気 ↓騎手勝率
2026/06/18,名古屋,1,３歳１１組,1500,ダ,右,良,晴,11,7,8,ファビュラスベガス,牝,3,55.0,,,細川智,榎屋充,4.6,0.38382441664851846,0.2727272727272727,-2.4000000000000004,3,0.0,0,0,【テン乗り】↑過去人気率 ↑直近人気 ↓性別
2026/06/18,名古屋,1,３歳１１組,1500,ダ,右,良,晴,11,9,9,コンプレックス,牝,3,55.0,,,丹羽克,竹之昭,161.0,-0.4408351490786729,0.2206948863204677,-8.8,10,0.38461538461538464,5,4,↑直近人気 ↑過去人気率 ↓前走人気
2026/06/18,名古屋,1,３歳１１組,1500,ダ,右,良,晴,11,8,10,プライムキングダム,牡,3,,,,小笠羚,錦見勇,89.0,-0.8922669345890923,0.14450144001405946,-7.6000000000000005,8,0.6923076923076923,18,18,↑斤量 ↑過去人気率 ↓前走人気
2026/06/18,名古屋,1,３歳１１組,1500,ダ,右,良,晴,11,11,11,ピコレーヴ,牝,3,,,,木之葵,宇都英,2.9,0.5302247502525351,0.2727272727272727,-1.4000000000000001,2,0.0,0,0,【テン乗り】↑過去人気率 ↑直近人気 ↓騎手勝率
2026/06/18,名古屋,2,３歳１０組,1500,ダ,右,良,晴,11,1,1,ポプリーニ,牝,3,55.0,,,望月洵,坂口義,18.1,-1.2179287570681279,0.20150075268176026,-4.4,4,0.3333333333333333,4,3,【テン乗り】↑斤量 ↑騎手勝率 ↓前走人気
2026/06/18,名古屋,2,３歳１０組,1500,ダ,右,良,晴,11,2,2,スケダチムヨウ,牡,3,57.0,,,阪野学,植松則,367.7,-0.5277223729373626,0.22106772873083022,-9.0,11,0.3333333333333333,4,4,↑斤量 ↑過去人気平均 ↓前走人気
2026/06/18,名古屋,2,３歳１０組,1500,ダ,右,良,晴,11,3,3,トモロウィンアスク,牝,3,,,,小笠羚,倉地学,41.2,-0.2985471341878326,0.23117693597207445,-4.0,5,0.3333333333333333,4,4,【テン乗り】↑前走人気 ↑過去人気平均 ↓速度指数
2026/06/18,名古屋,2,３歳１０組,1500,ダ,右,良,晴,11,4,4,ビックリパラダイス,牡,3,57.0,,,加藤誓,竹下太,334.8,-0.5624651038979571,0.2045847187777497,-8.6,10,0.42857142857142855,6,6,↑斤量 ↑過去人気平均 ↓速度指数
2026/06/18,名古屋,2,３歳１０組,1500,ダ,右,良,晴,11,5,5,ツーエムアスリート,牡,3,57.0,,,丸野勝,迫田清,2.2,1.3056380226250848,0.32425784980664607,-1.0,2,0.1111111111111111,1,1,↑直近人気 ↑前走人気 ↓レースクラス
2026/06/18,名古屋,2,３歳１０組,1500,ダ,右,良,晴,11,6,6,クィーンズローズ,牝,3,55.0,,,友森翔,原口次,85.1,-0.5464265656679979,0.2298653028862265,-5.2,6,0.2727272727272727,3,3,↑フォーム改善 ↑斤量 ↓前走人気
2026/06/18,名古屋,2,３歳１０組,1500,ダ,右,良,晴,11,7,7,ベベペッパー,牝,3,55.0,,,今井貴,宇都英,4.9,0.90578371222193,0.29728694223448016,-2.0,3,0.1111111111111111,1,1,↑直近人気 ↑前走人気 ↓斤量
2026/06/18,名古屋,2,３歳１０組,1500,ダ,右,良,晴,11,7,8,クォーツテソーロ,牝,3,55.0,,,細川智,服部功,104.9,0.22057472481874724,0.2662152201429864,-5.4,7,0.2727272727272727,3,3,↑前走人気 ↑直近人気 ↓速度指数
2026/06/18,名古屋,2,３歳１０組,1500,ダ,右,良,晴,11,9,9,ルナヴィーナス,牝,3,55.0,,,加藤聡,川西毅,2.0,1.3425497574057872,0.3710210210519904,-0.0,1,0.2,2,2,↑直近人気 ↑前走人気 ↓斤量
2026/06/18,名古屋,2,３歳１０組,1500,ダ,右,良,晴,11,8,10,ニシキエバー,牡,3,,,,木之葵,錦見勇,145.5,-0.7929937423316883,0.13895676666630952,-8.200000000000001,9,0.7333333333333333,22,22,↑直近着順 ↑過去人気平均 ↓前走人気
2026/06/18,名古屋,2,３歳１０組,1500,ダ,右,良,晴,11,11,11,ノーブルブロッサム,牝,3,55.0,,,塚本征,今津勝,127.9,-0.5759272624048752,0.17335771345283166,-7.200000000000001,8,0.6190476190476191,13,5,↑斤量 ↑通算勝率 ↓前走人気
2026/06/18,名古屋,3,３歳９組,1500,ダ,右,良,晴,12,1,1,ルーネンバーグ,牡,3,57.0,,,友森翔,横井将,203.9,-0.3371135138862239,0.228177292033262,-8.2,10,0.3333333333333333,4,0,【テン乗り】↑斤量 ↑前走人気 ↓過去人気率
2026/06/18,名古屋,3,３歳９組,1500,ダ,右,良,晴,12,2,2,ウインマデイラ,牡,3,57.0,,,大原浩,櫻井今,11.9,0.023916379670037437,0.2529535015838872,-2.4000000000000004,3,0.2,2,2,【テン乗り】↑前走人気 ↑斤量 ↓過去人気率
2026/06/18,名古屋,3,３歳９組,1500,ダ,右,良,晴,12,3,3,イヌボウノサザナミ,牝,3,55.0,,,丹羽克,櫻井今,113.8,-0.4822261865735221,0.21986873411432917,-7.800000000000001,9,0.3333333333333333,4,4,↑直近人気 ↑直近着順 ↓前走人気
2026/06/18,名古屋,3,３歳９組,1500,ダ,右,良,晴,12,4,4,ミディエイター,牡,3,57.0,,,加藤利,塚田隆,207.8,-0.8555617476385007,0.2117850087486307,-9.8,11,0.2727272727272727,3,3,↑斤量 ↑直近着順 ↓前走人気
2026/06/18,名古屋,3,３歳９組,1500,ダ,右,良,晴,12,5,5,ミラクルスパート,牝,3,55.0,,,塚本征,角田輝,1.9,0.7307897815252176,0.2818726271443417,-0.8,2,0.1111111111111111,1,1,↑直近人気 ↑前走人気 ↓休養日数
2026/06/18,名古屋,3,３歳９組,1500,ダ,右,良,晴,12,6,6,ターコイズテソーロ,牝,3,55.0,,,丸野勝,沖田明,69.7,0.36684657964037803,0.25,-4.6,6,0.0,0,0,【テン乗り】↑過去人気率 ↑直近人気 ↓頭数
2026/06/18,名古屋,3,３歳９組,1500,ダ,右,良,晴,12,6,7,アンフルラージュ,牝,3,,,,木之葵,服部功,34.7,0.48593211636744543,0.2840515193612936,-2.8000000000000003,4,0.2,2,2,↑直近人気 ↑前走人気 ↓騎手勝率
2026/06/18,名古屋,3,３歳９組,1500,ダ,右,良,晴,12,8,8,アマビエ,牝,3,55.0,,,望月洵,井上哲,56.9,-0.7243018779013197,0.20843011712432655,-4.800000000000001,5,0.3333333333333333,4,4,↑斤量 ↑過去人気平均 ↓過去人気率
2026/06/18,名古屋,3,３歳９組,1500,ダ,右,良,晴,12,7,9,カゲムシャ,牡,3,57.0,,,今井貴,宇都英,1.8,0.6238040041409172,0.25,-0.2,1,0.0,0,0,【テン乗り】↑過去人気率 ↑直近人気 ↓頭数
2026/06/18,名古屋,3,３歳９組,1500,ダ,右,良,晴,12,10,10,モズオージー,牡,3,,,,近藤颯,井上哲,92.8,-0.8595759628563037,0.18975921747465124,-6.800000000000001,7,0.42857142857142855,6,6,↑斤量 ↑川崎勝率 ↓前走人気
2026/06/18,名古屋,3,３歳９組,1500,ダ,右,良,晴,12,8,11,ミヤムーブメント,牝,3,55.0,,,渡邊竜,井手慎,104.7,-0.4549321675147593,0.20701124602916124,-6.800000000000001,8,0.5,8,8,↑前走人気 ↑過去人気平均 ↓過去人気率
2026/06/18,名古屋,3,３歳９組,1500,ダ,右,良,晴,12,12,12,ウインアレグロ,牝,3,55.0,,,細川智,地辺幸,262.5,-1.3079546774145026,0.15994704356398232,-11.0,12,0.5,8,8,↑斤量 ↑川崎勝率 ↓直近人気
2026/06/18,名古屋,4,３歳８組,1500,ダ,右,良,晴,12,1,1,クルスデルスール,牡,3,57.0,,,渡邊竜,井手慎,77.9,-0.9945134356529624,0.1724222468750855,-8.0,9,0.4666666666666667,7,7,【テン乗り】↑斤量 ↑過去人気平均 ↓前走人気
2026/06/18,名古屋,4,３歳８組,1500,ダ,右,良,晴,12,2,2,コパノカーター,牡,3,57.0,,,塚本征,塚田隆,23.0,0.6601025007166578,0.3013176462883732,-4.4,6,0.2727272727272727,3,3,↑直近人気 ↑斤量 ↓通算勝率
2026/06/18,名古屋,4,３歳８組,1500,ダ,右,良,晴,12,3,3,ハナムラサキ,牝,3,55.0,,,望月洵,迫田清,9.7,-0.48118455144037225,0.21998722647421376,-3.4000000000000004,4,0.2727272727272727,3,3,↑速度指数 ↑過去人気平均 ↓過去人気率
2026/06/18,名古屋,4,３歳８組,1500,ダ,右,良,晴,12,4,4,ノーブルウェザー,牡,3,57.0,,,丸野勝,倉地学,5.4,0.17930952307233566,0.25570385284041103,-2.4000000000000004,3,0.2727272727272727,3,3,↑直近人気 ↑斤量 ↓通算勝率
2026/06/18,名古屋,4,３歳８組,1500,ダ,右,良,晴,12,5,5,キラリチャン,牝,3,,,,近藤颯,藤ケ人,52.2,-1.0900459785745176,0.13176860652845046,-6.6000000000000005,7,0.68,17,17,↑斤量 ↑直近着順 ↓直近人気
2026/06/18,名古屋,4,３歳８組,1500,ダ,右,良,晴,12,6,6,スタープレイン,牡,3,57.0,,,友森翔,原口次,63.5,-0.4855675570942796,0.20257475310176154,-6.800000000000001,8,0.42857142857142855,6,6,【テン乗り】↑過去人気率 ↑斤量 ↓前走人気
2026/06/18,名古屋,4,３歳８組,1500,ダ,右,良,晴,12,6,7,エンドレスクライ,牡,3,57.0,,,今井貴,竹下直,20.5,0.686424621478194,0.3045048890957526,-3.4000000000000004,5,0.2727272727272727,3,3,↑直近人気 ↑前走人気 ↓フォーム改善
2026/06/18,名古屋,4,３歳８組,1500,ダ,右,良,晴,12,8,8,カイトアザリー,牝,3,55.0,,,尾崎章,戸部尚,208.1,-1.4855978427073109,0.13493951952723618,-10.2,11,0.5789473684210527,11,11,↑斤量 ↑過去人気平均 ↓直近人気
2026/06/18,名古屋,4,３歳８組,1500,ダ,右,良,晴,12,7,9,ワイルドカモミール,牝,3,,,,小笠羚,沖田明,465.2,-1.3981212531510943,0.15297255748196206,-10.8,12,0.5,8,8,↑斤量 ↑過去人気平均 ↓前走人気
2026/06/18,名古屋,4,３歳８組,1500,ダ,右,良,晴,12,10,10,ナムラライラック,牝,3,,,,木之葵,榎屋充,2.8,0.6061823460042015,0.2683516061349249,-1.4000000000000001,2,0.1111111111111111,1,1,↑直近人気 ↑前走人気 ↓騎手勝率
2026/06/18,名古屋,4,３歳８組,1500,ダ,右,良,晴,12,8,11,ユイバイハウス,牡,3,57.0,,,大畑慧,倉地学,2.1,1.1895260923887945,0.3048870231984889,-0.0,1,0.1111111111111111,1,1,【テン乗り】↑直近人気 ↑前走人気 ↓頭数
2026/06/18,名古屋,4,３歳８組,1500,ダ,右,良,晴,12,12,12,ホーリーデイ,牡,3,57.0,,,加藤聡,藤ケ人,186.0,-0.5132886922909184,0.17715637419837688,-8.6,10,0.6363636363636364,14,14,↑直近人気 ↑斤量 ↓過去人気率
2026/06/18,名古屋,5,Ｂ８組,1500,ダ,右,良,晴,9,1,1,ミツカネリブラ,牡,4,57.0,,,丸山真,瀬戸悟,31.8,0.35500770408005433,0.34799430749640187,-5.800000000000001,8,0.1111111111111111,1,1,【テン乗り】↑直近人気 ↑前走人気 ↓速度指数
2026/06/18,名古屋,5,Ｂ８組,1500,ダ,右,良,晴,9,2,2,ボスコヴェローチェ,牡,5,57.0,,,丹羽克,櫻井今,141.7,-1.0358448232652895,0.1615897992273696,-8.0,9,0.7894736842105263,30,30,↑斤量 ↑頭数 ↓直近人気
2026/06/18,名古屋,5,Ｂ８組,1500,ダ,右,良,晴,9,3,3,マリアナジャズ,牡,5,57.0,,,加藤聡,原口次,24.7,-0.2030814694532569,0.27794284164022615,-5.800000000000001,7,0.8260869565217391,38,16,↑斤量 ↑頭数 ↓前走人気
2026/06/18,名古屋,5,Ｂ８組,1500,ダ,右,良,晴,9,4,4,リプリー,牝,5,,,,木之葵,榎屋充,3.5,-0.20783196588558842,0.288780973657298,-2.0,2,0.6521739130434783,15,15,↑斤量 ↑過去人気率 ↓前走人気
2026/06/18,名古屋,5,Ｂ８組,1500,ダ,右,良,晴,9,5,5,アイスノート,牝,5,55.0,,,細川智,角田輝,4.4,0.0016097907289358685,0.32851768625799527,-2.2,3,0.7333333333333333,22,8,↑前走人気 ↑直近人気 ↓通算出走数
2026/06/18,名古屋,5,Ｂ８組,1500,ダ,右,良,晴,9,6,6,グランドネビュラ,牡,4,57.0,,,筒井勇,迫田清,7.7,-0.31854977945237123,0.30712697417142826,-3.8000000000000007,4,0.2727272727272727,3,3,↑斤量 ↑頭数 ↓前走人気
2026/06/18,名古屋,5,Ｂ８組,1500,ダ,右,良,晴,9,7,7,エイシンメリダ,牝,6,55.0,,,望月洵,戸部尚,10.0,0.012097436643418091,0.33121054602125655,-4.4,6,0.68,17,17,↑直近人気 ↑頭数 ↓年齢
2026/06/18,名古屋,5,Ｂ８組,1500,ダ,右,良,晴,9,8,8,プルメリアリング,牝,4,55.0,,,丸野勝,迫田清,7.8,-0.09622121367316394,0.30502335945435033,-4.0,5,0.7647058823529411,26,26,↑直近人気 ↑頭数 ↓前走人気
2026/06/18,名古屋,5,Ｂ８組,1500,ダ,右,良,晴,9,9,9,ラブリーセナ,牡,4,57.0,,,塚本征,藤ケ人,3.2,0.7592796293973197,0.5806884772535764,-0.0,1,0.68,17,17,↑前走人気 ↑直近人気 ↓同馬場出走数
2026/06/18,名古屋,6,しゅんさや結婚記念Ｃ８,1500,ダ,右,良,晴,11,1,1,フィロンドール,牝,5,55.0,,,細川智,地辺幸,108.3,-1.3516034510156965,0.10501908858213485,-7.4,8,0.8,32,28,↑過去人気平均 ↑斤量 ↓直近人気
2026/06/18,名古屋,6,しゅんさや結婚記念Ｃ８,1500,ダ,右,良,晴,11,2,2,ミステンザン,牝,4,,,,近藤颯,今津博,23.3,0.3228792845032611,0.3025631533850053,-4.4,6,0.4666666666666667,7,7,↑直近人気 ↑前走人気 ↓馬番
2026/06/18,名古屋,6,しゅんさや結婚記念Ｃ８,1500,ダ,右,良,晴,11,3,3,クリノスピネル,牝,5,55.0,,,阪野学,藤ケ男,134.8,-0.9899803921844053,0.12996207761936368,-7.800000000000001,9,0.7837837837837838,29,29,↑過去人気平均 ↑川崎勝率 ↓過去人気率
2026/06/18,名古屋,6,しゅんさや結婚記念Ｃ８,1500,ダ,右,良,晴,11,4,4,エストソール,牝,4,55.0,,,加藤誓,竹下太,21.4,-0.2787432944703347,0.20968214209263447,-3.4000000000000004,4,0.7142857142857143,20,19,↑直近人気 ↑前走人気 ↓過去人気率
2026/06/18,名古屋,6,しゅんさや結婚記念Ｃ８,1500,ダ,右,良,晴,11,5,5,アルヒルム,牡,5,57.0,,,塚本征,宇都英,2.4,1.2536790229620538,0.5439663319325526,-0.8,2,0.4666666666666667,7,7,↑前走人気 ↑直近人気 ↓脚質(通過順)
2026/06/18,名古屋,6,しゅんさや結婚記念Ｃ８,1500,ダ,右,良,晴,11,6,6,キタノショウリュウ,牡,4,,,,小笠羚,沖田明,5.7,0.2226629461955285,0.2904109263442447,-2.2,3,0.5555555555555556,10,9,↑前走人気 ↑直近人気 ↓速度指数
2026/06/18,名古屋,6,しゅんさや結婚記念Ｃ８,1500,ダ,右,良,晴,11,7,7,ネオアリシア,牝,6,55.0,,,山田祥,藤ケ男,285.1,-1.0515089911150073,0.11851630610992603,-9.6,11,0.8222222222222222,37,37,↑過去人気平均 ↑斤量 ↓直近人気
2026/06/18,名古屋,6,しゅんさや結婚記念Ｃ８,1500,ダ,右,良,晴,11,7,8,ミズイロ,牝,4,55.0,,,加藤聡,川西毅,2.0,1.04812121134169,0.41357926488140107,-0.2,1,0.3333333333333333,4,4,↑前走人気 ↑直近人気 ↓斤量
2026/06/18,名古屋,6,しゅんさや結婚記念Ｃ８,1500,ダ,右,良,晴,11,9,9,ユアマイスター,牝,4,55.0,,,友森翔,塚田隆,23.0,-0.0008366101959627935,0.25652298538752116,-4.0,5,0.5555555555555556,10,10,↑前走人気 ↑直近人気 ↓過去人気率
2026/06/18,名古屋,6,しゅんさや結婚記念Ｃ８,1500,ダ,右,良,晴,11,8,10,ノーザンピーク,牡,8,57.0,,,丹羽克,井手慎,190.0,-1.8365997327328678,0.12794346562211414,-9.2,10,0.6190476190476191,13,13,↑斤量 ↑過去人気平均 ↓直近人気
2026/06/18,名古屋,6,しゅんさや結婚記念Ｃ８,1500,ダ,右,良,晴,11,11,11,イザワン,セン,6,57.0,,,加藤利,沖田明,79.5,-0.8534395489465559,0.193908720312021,-6.000000000000001,7,0.4666666666666667,7,7,↑斤量 ↑川崎直近着順 ↓前走人気
2026/06/18,名古屋,7,初蛍賞Ｃ７,1700,ダ,右,良,晴,11,1,1,ヒオウギ,牝,4,,,,木之葵,榎屋充,9.6,0.056327178521032736,0.24163195284829106,-5.0,6,0.6666666666666666,16,16,↑直近人気 ↑前走人気 ↓過去人気率
2026/06/18,名古屋,7,初蛍賞Ｃ７,1700,ダ,右,良,晴,11,2,2,ウェイトノーモア,牡,4,57.0,,,今井貴,宮下瞳,5.7,0.3398318379799574,0.2902029728256193,-3.0000000000000004,4,0.6363636363636364,14,2,↑直近人気 ↑斤量 ↓馬場状態3着内率
2026/06/18,名古屋,7,初蛍賞Ｃ７,1700,ダ,右,良,晴,11,3,3,ゴールドパン,牝,4,55.0,,,友森翔,原口次,45.2,-1.1223423690619891,0.1134907125284991,-7.6000000000000005,8,0.7837837837837838,29,20,↑フォーム改善 ↑過去人気率 ↓直近人気
2026/06/18,名古屋,7,初蛍賞Ｃ７,1700,ダ,右,良,晴,11,4,4,アンファング,牡,4,57.0,,,望月洵,藤ケ人,3.1,0.9062012397924327,0.4150403390708035,-0.2,1,0.5555555555555556,10,10,↑前走人気 ↑直近人気 ↓フォーム改善
2026/06/18,名古屋,7,初蛍賞Ｃ７,1700,ダ,右,良,晴,11,5,5,ブラックビート,牡,4,,,,近藤颯,瀬戸悟,55.1,-1.0058868467776323,0.13802338336027137,-8.200000000000001,9,0.6923076923076923,18,9,↑斤量 ↑過去人気平均 ↓直近人気
2026/06/18,名古屋,7,初蛍賞Ｃ７,1700,ダ,右,良,晴,11,6,6,マルクドクール,牝,4,55.0,,,細川智,坂口義,23.0,-0.08071457926734589,0.21798481117347096,-6.000000000000001,7,0.7241379310344828,21,12,↑前走人気 ↑直近人気 ↓過去人気率
2026/06/18,名古屋,7,初蛍賞Ｃ７,1700,ダ,右,良,晴,11,7,7,ラミントン,牝,4,55.0,,,加藤聡,宇都英,5.3,0.449278390124254,0.2934545448106761,-2.0,3,0.3333333333333333,4,4,↑直近人気 ↑前走人気 ↓休養日数
2026/06/18,名古屋,7,初蛍賞Ｃ７,1700,ダ,右,良,晴,11,7,8,ローゼオ,牡,8,57.0,,,柿原翔,竹下太,145.5,-0.9991340653345049,0.11478551157149922,-9.6,11,0.813953488372093,35,35,↑斤量 ↑過去人気平均 ↓過去人気率
2026/06/18,名古屋,7,初蛍賞Ｃ７,1700,ダ,右,良,晴,11,9,9,ゴールドプラン,牝,4,,,,小笠羚,塚田隆,7.2,0.33714263184723164,0.2917670074357615,-4.0,5,0.7142857142857143,20,20,↑前走人気 ↑直近人気 ↓通算勝率
2026/06/18,名古屋,7,初蛍賞Ｃ７,1700,ダ,右,良,晴,11,8,10,キャットサンライズ,牝,4,55.0,,,阪野学,植松則,84.7,-0.5249761394996989,0.1682216166836028,-8.6,10,0.7142857142857143,20,20,↑直近人気 ↑脚質(通過順) ↓前走人気
2026/06/18,名古屋,7,初蛍賞Ｃ７,1700,ダ,右,良,晴,11,11,11,シェアト,牡,4,57.0,,,丸野勝,角田輝,4.3,1.2695150758557392,0.5003970269862771,-0.8,2,0.4666666666666667,7,7,↑前走人気 ↑直近人気 ↓川崎出走数
2026/06/18,名古屋,8,Ｂ７組,1500,ダ,右,良,晴,10,1,1,ピエナブリックス,牝,5,,,,近藤颯,榎屋充,40.7,0.31058516598355795,0.24616388246683074,-5.800000000000001,7,0.68,17,17,↑直近人気 ↑斤量 ↓通算出走数
2026/06/18,名古屋,8,Ｂ７組,1500,ダ,右,良,晴,10,2,2,バヤシーフェイス,牡,4,57.0,,,丸野勝,今津勝,14.7,0.43195664654099286,0.2805099934539717,-4.0,5,0.38461538461538464,5,5,↑直近人気 ↑斤量 ↓通算勝率
2026/06/18,名古屋,8,Ｂ７組,1500,ダ,右,良,晴,10,3,3,グラスビジョン,牡,4,57.0,,,大畑慧,竹下太,5.4,1.3423273743767723,0.3639271662702459,-1.6,3,0.2,2,1,↑前走人気 ↑直近人気 ↓馬番
2026/06/18,名古屋,8,Ｂ７組,1500,ダ,右,良,晴,10,4,4,カンタカナリート,セン,4,57.0,,,渡邊竜,安部幸,6.1,1.1489571517292303,0.41704970537175545,-2.6000000000000005,4,0.5555555555555556,10,10,↑前走人気 ↑直近人気 ↓フォーム改善
2026/06/18,名古屋,8,Ｂ７組,1500,ダ,右,良,晴,10,5,5,メイショウサキガケ,牡,7,,,,小笠羚,迫田清,21.5,-0.05612331802590314,0.1950265949509636,-5.2,6,0.7142857142857143,20,20,↑直近人気 ↑斤量 ↓年齢
2026/06/18,名古屋,8,Ｂ７組,1500,ダ,右,良,晴,10,6,6,ドラゴンラック,牡,4,57.0,,,山田祥,今津勝,45.9,-0.11984718442006365,0.20317434960089759,-7.200000000000001,8,0.6190476190476191,13,13,↑斤量 ↑直近人気 ↓前走人気
2026/06/18,名古屋,8,Ｂ７組,1500,ダ,右,良,晴,10,7,7,テーオーリップマン,牡,4,57.0,,,望月洵,沖田明,2.3,1.0204497679565694,0.34970130990592224,-0.4,1,0.3333333333333333,4,4,↑直近人気 ↑前走人気 ↓過去人気平均
2026/06/18,名古屋,8,Ｂ７組,1500,ダ,右,良,晴,10,8,8,ポケッティーノ,牡,6,57.0,,,細川智,植松則,51.4,-0.5133491431580902,0.18240321888632768,-8.200000000000001,9,0.5789473684210527,11,11,↑斤量 ↑頭数 ↓前走人気
2026/06/18,名古屋,8,Ｂ７組,1500,ダ,右,良,晴,10,8,9,パルティーダ,牡,5,57.0,,,大畑雅,竹下直,102.8,-0.09618630724365707,0.18302087323703192,-8.6,10,0.7647058823529411,26,26,↑斤量 ↑過去人気率 ↓前走人気
2026/06/18,名古屋,8,Ｂ７組,1500,ダ,右,良,晴,10,10,10,リムショット,牡,5,57.0,,,今井貴,角田輝,3.4,0.9290681606492448,0.3732555983459207,-1.4000000000000001,2,0.6666666666666666,16,5,↑前走人気 ↑直近人気 ↓同馬場出走数
2026/06/18,名古屋,9,Ｂ６組,1700,ダ,右,良,晴,10,1,1,アスタリウス,牡,6,57.0,,,加藤聡,服部功,12.5,0.6965204091566722,0.41854185030388047,-2.6000000000000005,4,0.7241379310344828,21,21,↑前走人気 ↑直近人気 ↓通算出走数
2026/06/18,名古屋,9,Ｂ６組,1700,ダ,右,良,晴,10,2,2,オルソビアンコ,牝,6,55.0,,,阪野学,櫻井今,139.2,-0.9263365866426516,0.1709310199250106,-8.0,9,0.6190476190476191,13,13,↑過去人気率 ↑頭数 ↓直近人気
2026/06/18,名古屋,9,Ｂ６組,1700,ダ,右,良,晴,10,3,3,ディプタルアスール,牡,4,57.0,,,渡邊竜,植松則,11.7,0.3971404009597896,0.329153956723586,-2.4000000000000004,3,0.6666666666666666,16,16,↑直近人気 ↑斤量 ↓同馬場出走数
2026/06/18,名古屋,9,Ｂ６組,1700,ダ,右,良,晴,10,4,4,エイシンイーピン,牝,3,55.0,,,丸野勝,迫田清,15.4,-0.1642510145194518,0.22576373000628092,-5.2,6,0.7142857142857143,20,14,↑直近人気 ↑頭数 ↓前走人気
2026/06/18,名古屋,9,Ｂ６組,1700,ダ,右,良,晴,10,5,5,テルケンレンスター,牡,4,57.0,,,望月洵,宇都英,1.4,0.8999735208602977,0.42521803299708616,-0.0,1,0.4666666666666667,7,1,↑前走人気 ↑直近人気 ↓過去人気平均
2026/06/18,名古屋,9,Ｂ６組,1700,ダ,右,良,晴,10,6,6,ノクターナル,牝,5,55.0,,,友森翔,原口次,22.5,0.11331127554376534,0.2793967000613,-5.800000000000001,7,0.5,8,1,↑直近人気 ↑過去人気率 ↓騎手勝率
2026/06/18,名古屋,9,Ｂ６組,1700,ダ,右,良,晴,10,7,7,オンワードセルフ,牡,10,57.0,,,大原浩,宮本仁,51.0,-0.48464800084831045,0.18054467186454926,-7.000000000000001,8,0.7575757575757576,25,24,↑斤量 ↑頭数 ↓前走人気
2026/06/18,名古屋,9,Ｂ６組,1700,ダ,右,良,晴,10,8,8,ガーニュ,セン,5,57.0,,,山田祥,川西毅,5.5,0.6509290041256953,0.3828094842835551,-1.2000000000000002,2,0.5789473684210527,11,11,【テン乗り】↑直近人気 ↑前走人気 ↓騎手勝率
2026/06/18,名古屋,9,Ｂ６組,1700,ダ,右,良,晴,10,8,9,スティールシャトル,牝,6,55.0,,,大畑雅,井手慎,139.2,-1.2294649451921293,0.11406085131971527,-9.0,10,0.8,32,10,【テン乗り】↑頭数 ↑過去人気平均 ↓直近人気
2026/06/18,名古屋,9,Ｂ６組,1700,ダ,右,良,晴,10,10,10,リンクスターツ,牡,7,57.0,,,今井貴,榎屋充,12.6,0.6092477550913067,0.37496873154265414,-3.8000000000000003,5,0.6,12,12,【テン乗り】↑直近人気 ↑前走人気 ↓年齢
2026/06/18,名古屋,10,湾岸渚特別Ａ２,1500,ダ,右,良,晴,8,1,1,アルティメットサガ,牡,6,,,,木之葵,榎屋充,4.4,0.010487889032495083,0.40828703925040255,-2.0,3,0.68,17,17,↑直近人気 ↑斤量 ↓騎手勝率
2026/06/18,名古屋,10,湾岸渚特別Ａ２,1500,ダ,右,良,晴,8,2,2,ダブルアタック,牡,5,,,,近藤颯,藤ケ人,12.7,-0.4635266628555164,0.3106841930407367,-3.4000000000000004,4,0.5789473684210527,11,11,【テン乗り】↑斤量 ↑頭数 ↓過去人気率
2026/06/18,名古屋,10,湾岸渚特別Ａ２,1500,ダ,右,良,晴,8,3,3,ノリノリブリランテ,牡,4,57.0,,,筒井勇,原口次,4.1,0.7267822909897326,0.6800410194269442,-0.8,2,0.6190476190476191,13,13,↑直近人気 ↑前走人気 ↓騎手勝率
2026/06/18,名古屋,10,湾岸渚特別Ａ２,1500,ダ,右,良,晴,8,4,4,ミスティライラック,牡,5,57.0,,,大畑雅,安部幸,2.0,0.3124683150619666,0.5396374006907345,-0.2,1,0.8297872340425532,39,9,↑直近人気 ↑前走人気 ↓過去人気率
2026/06/18,名古屋,10,湾岸渚特別Ａ２,1500,ダ,右,良,晴,8,5,5,グランゲレーロ,牡,5,57.0,,,山田祥,宇都英,15.2,-0.7705698646431394,0.3147121572899916,-4.4,5,0.3333333333333333,4,3,【テン乗り】↑頭数 ↑斤量 ↓直近人気
2026/06/18,名古屋,10,湾岸渚特別Ａ２,1500,ダ,右,良,晴,8,6,6,ファーストリッキー,セン,7,57.0,,,友森翔,宮下瞳,25.5,-0.4374936599088861,0.3402898716748042,-6.4,8,0.3333333333333333,4,2,【テン乗り】↑斤量 ↑頭数 ↓前走人気
2026/06/18,名古屋,10,湾岸渚特別Ａ２,1500,ダ,右,良,晴,8,7,7,コスモルージュ,セン,7,57.0,,,丸野勝,安部幸,17.5,-0.4203533087029379,0.2924796786829502,-5.4,7,0.8297872340425532,39,8,↑斤量 ↑過去人気率 ↓前走人気
2026/06/18,名古屋,10,湾岸渚特別Ａ２,1500,ダ,右,良,晴,8,8,8,サヨノハッピー,牡,7,57.0,,,今井貴,宮下瞳,17.0,-1.1684237841086438,0.3082944943008998,-5.4,6,0.2727272727272727,3,2,【テン乗り】↑斤量 ↑頭数 ↓過去人気率
2026/06/18,名古屋,11,トリトン争覇オープン,1500,ダ,右,良,晴,12,1,1,コパカツ,牡,4,57.0,,,柿原翔,宮下瞳,65.7,0.12229016535570524,0.18877184078311923,-7.800000000000001,9,0.5789473684210527,11,11,【テン乗り】↑前走人気 ↑斤量 ↓騎手勝率
2026/06/18,名古屋,11,トリトン争覇オープン,1500,ダ,右,良,晴,12,2,2,マッドルーレット,牡,8,57.0,,,加藤聡,川西毅,3.0,0.5329629400268204,0.22452161351328717,-2.0,2,0.7837837837837838,29,6,↑前走人気 ↑直近人気 ↓年齢
2026/06/18,名古屋,11,トリトン争覇オープン,1500,ダ,右,良,晴,12,3,3,リュウノドラゴン,牡,4,57.0,,,阪野学,宮下瞳,115.4,-0.0376568832917849,0.18272323364988136,-9.6,11,0.5294117647058824,9,9,【テン乗り】↑直近人気 ↑斤量 ↓前走人気
2026/06/18,名古屋,11,トリトン争覇オープン,1500,ダ,右,良,晴,12,4,4,カワテンマックス,牡,4,57.0,,,丸野勝,角田輝,7.9,1.1426934727065183,0.3250866347082516,-2.0,3,0.5,8,8,↑直近人気 ↑前走人気 ↓頭数
2026/06/18,名古屋,11,トリトン争覇オープン,1500,ダ,右,良,晴,12,5,5,エイトワン,牡,6,57.0,,,大畑慧,竹下直,108.2,-0.09229421728763741,0.1532448392674236,-9.0,10,0.7241379310344828,21,18,↑斤量 ↑直近人気 ↓前走人気
2026/06/18,名古屋,11,トリトン争覇オープン,1500,ダ,右,良,晴,12,6,6,メルト,牡,7,57.0,,,細川智,角田輝,19.6,-0.27345054805628194,0.1480674584117409,-6.2,6,0.6666666666666666,16,15,↑斤量 ↑昇降級 ↓前走人気
2026/06/18,名古屋,11,トリトン争覇オープン,1500,ダ,右,良,晴,12,6,7,ザイツィンガー,牡,10,57.0,,,大畑雅,角田輝,21.9,0.6751493705445596,0.2500804665126763,-5.4,7,0.1111111111111111,1,1,↑直近人気 ↑前走人気 ↓年齢
2026/06/18,名古屋,11,トリトン争覇オープン,1500,ダ,右,良,晴,12,8,8,ベント,セン,5,57.0,,,渡邊竜,角田輝,13.5,0.5436534506064508,0.23491533902065317,-4.2,5,0.5,8,7,【テン乗り】↑直近人気 ↑過去人気率 ↓同馬場出走数
2026/06/18,名古屋,11,トリトン争覇オープン,1500,ダ,右,良,晴,12,7,9,スティールアクター,牡,5,57.0,,,友森翔,角田輝,126.7,0.6095351656784324,0.239477773540493,-9.600000000000001,12,0.6923076923076923,18,18,【テン乗り】↑前走人気 ↑直近人気 ↓騎手勝率
2026/06/18,名古屋,11,トリトン争覇オープン,1500,ダ,右,良,晴,12,10,10,アップショウグン,牡,4,57.0,,,塚本征,塚田隆,10.0,1.386168289881436,0.4008104123641806,-2.6000000000000005,4,0.5789473684210527,11,11,↑前走人気 ↑直近人気 ↓同馬場出走数
2026/06/18,名古屋,11,トリトン争覇オープン,1500,ダ,右,良,晴,12,8,11,スターサンドビーチ,牡,4,57.0,,,望月洵,笹野博,64.1,-0.19026036109389824,0.21059760931676966,-7.6000000000000005,8,0.2727272727272727,3,3,【テン乗り】↑直近人気 ↑斤量 ↓前走人気
2026/06/18,名古屋,11,トリトン争覇オープン,1500,ダ,右,良,晴,12,12,12,ウィットビーアビー,牡,4,57.0,,,今井貴,宇都英,2.1,1.5143607028612822,0.4335063336546412,-0.0,1,0.5555555555555556,10,10,↑直近人気 ↑前走人気 ↓同馬場出走数
2026/06/18,名古屋,12,金シャチ最終戦Ｃ,1500,ダ,右,良,晴,12,1,1,ノース,牡,5,57.0,,,丹羽克,錦見勇,8.2,-0.6639276064048456,0.19516488471445795,-3.8000000000000007,4,0.8048780487804879,33,30,↑斤量 ↑直近着順 ↓過去人気率
2026/06/18,名古屋,12,金シャチ最終戦Ｃ,1500,ダ,右,良,晴,12,2,2,ワカメチャン,牝,5,55.0,,,阪野学,坂口義,37.6,-0.7844418085629232,0.18041775163538737,-10.4,12,0.7837837837837838,29,14,↑川崎勝率 ↑年齢 ↓前走人気
2026/06/18,名古屋,12,金シャチ最終戦Ｃ,1500,ダ,右,良,晴,12,3,3,デルマガニメデ,牡,4,57.0,,,大畑雅,井手慎,12.5,0.17082796653395085,0.34788702912827696,-4.2,6,0.5789473684210527,11,11,↑直近人気 ↑斤量 ↓前走人気
2026/06/18,名古屋,12,金シャチ最終戦Ｃ,1500,ダ,右,良,晴,12,4,4,タガノポストマン,牡,4,,,,小笠羚,錦見勇,6.5,-0.39933290799564547,0.24032584175845656,-2.6,3,0.7419354838709677,23,23,↑斤量 ↑直近人気 ↓過去人気率
2026/06/18,名古屋,12,金シャチ最終戦Ｃ,1500,ダ,右,良,晴,12,5,5,ソルトチャンス,牝,4,55.0,,,加藤誓,竹下太,10.5,-0.2560263543741993,0.264530714804129,-3.8000000000000003,5,0.6190476190476191,13,13,↑過去人気率 ↑直近人気 ↓騎手勝率
2026/06/18,名古屋,12,金シャチ最終戦Ｃ,1500,ダ,右,良,晴,12,6,6,アルーリングソレル,牝,5,55.0,,,丸山真,沖田明,29.7,-0.3767481323572846,0.24411671343587713,-7.2,9,0.7714285714285715,27,27,↑前走人気 ↑フォーム改善 ↓直近人気
2026/06/18,名古屋,12,金シャチ最終戦Ｃ,1500,ダ,右,良,晴,12,6,7,サブエガ,牡,6,57.0,,,柿原翔,藤ケ男,32.4,-0.840076142140875,0.16779249638807472,-9.2,10,0.8431372549019608,43,33,↑斤量 ↑直近着順 ↓前走人気
2026/06/18,名古屋,12,金シャチ最終戦Ｃ,1500,ダ,右,良,晴,12,8,8,シャンセレナーデ,牝,5,,,,木之葵,井手慎,21.0,-0.832398664115661,0.17633846986484764,-6.6000000000000005,7,0.7647058823529411,26,12,【テン乗り】↑昇降級 ↑斤量 ↓過去人気率
2026/06/18,名古屋,12,金シャチ最終戦Ｃ,1500,ダ,右,良,晴,12,7,9,メディアプンタ,牡,6,57.0,,,丸野勝,倉地学,6.1,0.25038826324745384,0.40720307712174963,-0.8,2,0.7714285714285715,27,27,↑前走人気 ↑直近人気 ↓過去人気率
2026/06/18,名古屋,12,金シャチ最終戦Ｃ,1500,ダ,右,良,晴,12,10,10,アスプロガイア,牝,4,55.0,,,望月洵,原口次,2.3,-0.02140901674773373,0.3174047258751177,-0.4,1,0.7037037037037037,19,18,↑直近人気 ↑前走人気 ↓フォーム改善
2026/06/18,名古屋,12,金シャチ最終戦Ｃ,1500,ダ,右,良,晴,12,8,11,キャヴァリアルティ,セン,4,57.0,,,大原浩,今津勝,21.0,-0.43817795188213304,0.23560824799935662,-6.800000000000001,8,0.6521739130434783,15,15,↑昇降級 ↑斤量 ↓過去人気率
2026/06/18,名古屋,12,金シャチ最終戦Ｃ,1500,ダ,右,良,晴,12,12,12,ミヤビバエル,牡,4,57.0,,,今井貴,原口次,35.7,-0.8476359544008151,0.181703546390637,-10.2,11,0.6923076923076923,18,18,↑斤量 ↑過去人気平均 ↓前走人気
