race_date,venue,race_no,race_name,distance,surface,direction,track_cond,weather,field_size,waku,horse_no,horse_name,sex,age,weight_carried,horse_weight,weight_change,jockey,trainer,win_odds,score,n_hist,data_reliability,top3_prob_raw,top3_prob,style,avg_pos,avg_ratio,n,pace,pace_reason,pace_mult,top3_prob_pace,pace_rank
2026-06-10,大井,1,Ｃ３三 四,1600,ダ,右,重,曇,14,,12,リュウグウノユメ,牝,4,54.0,,,菅原涼,橋本馬,,0.2293477922280784,9,0.4736842105263157,0.2212254931775613,0.217572977971326,逃げ,1.41,0.141,10,slow,逃げ1頭のみ → 単騎逃げ・スロー,1.45,0.34465106244551297,1
2026-06-10,大井,1,Ｃ３三 四,1600,ダ,右,重,曇,14,5.0,7,ヘデンバージャイト,牝,5,54.0,,,石川駿,松浦裕,,0.2252586240345766,8,0.4444444444444444,0.2172811419304657,0.2156170154611593,先行,2.0,0.2,10,slow,逃げ1頭のみ → 単騎逃げ・スロー,1.2,0.28266428590123965,2
2026-06-10,大井,1,Ｃ３三 四,1600,ダ,右,重,曇,14,,10,ジャスミンカーラ,牝,7,54.0,,,藤本現,村上頼,,0.2372142768863575,0,0.0,0.2288133880999195,0.2142857142857142,不明,,,0,slow,逃げ1頭のみ → 単騎逃げ・スロー,1.0,0.2340991745551716,3
2026-06-10,大井,1,Ｃ３三 四,1600,ダ,右,重,曇,14,6.0,9,ブラックレッド,牡,4,56.0,,,矢野貴,鷹見浩,,0.2739405420911857,8,0.4444444444444444,0.2642390011113943,0.2364871750971276,差し,4.65,0.465,8,slow,逃げ1頭のみ → 単騎逃げ・スロー,0.85,0.21960042818305034,4
2026-06-10,大井,1,Ｃ３三 四,1600,ダ,右,重,曇,14,2.0,2,テンポルバート,牝,6,54.0,,,田中洸,荒井朋,,0.2637382756545008,5,0.3333333333333333,0.254398045582422,0.2276564913846168,差し,5.96,0.596,10,slow,逃げ1頭のみ → 単騎逃げ・スロー,0.85,0.21140031363721923,5
2026-06-10,大井,1,Ｃ３三 四,1600,ダ,右,重,曇,14,,8,サブノルアナ,牝,4,,,,中山遥,阪本一,,0.2486779658571754,9,0.4736842105263157,0.2398710931755425,0.2264051042861592,差し,6.62,0.662,10,slow,逃げ1頭のみ → 単騎逃げ・スロー,0.85,0.21023828384625418,6
2026-06-10,大井,1,Ｃ３三 四,1600,ダ,右,重,曇,14,,6,レイヴンマスター,牡,4,56.0,,,千田洋,赤嶺亮,,0.2758191937094441,3,0.2307692307692307,0.2660511207168219,0.2262315773082775,差し,5.22,0.522,10,slow,逃げ1頭のみ → 単騎逃げ・スロー,0.85,0.2100771478411897,7
2026-06-10,大井,1,Ｃ３三 四,1600,ダ,右,重,曇,14,7.0,11,トウキョーバサラ,牝,5,,,,杉山海,村上頼,,0.2319778497017431,9,0.4736842105263157,0.2237624077737052,0.2187746743589731,差し,5.25,0.525,10,slow,逃げ1頭のみ → 単騎逃げ・スロー,0.85,0.2031527170346813,8
2026-06-10,大井,1,Ｃ３三 四,1600,ダ,右,重,曇,14,3.0,3,アストラン,セン,4,56.0,,,達城龍,久保隆,,0.2329755745139496,7,0.4117647058823529,0.2247247983923007,0.218584160682544,差し,6.06,0.606,7,slow,逃げ1頭のみ → 単騎逃げ・スロー,0.85,0.202975807293587,9
2026-06-10,大井,1,Ｃ３三 四,1600,ダ,右,重,曇,14,8.0,13,ベッティーナ,牝,5,54.0,,,古岡勇,遠藤茂,,0.2286221127433596,9,0.4736842105263157,0.2205255134640608,0.2172414086333521,差し,6.62,0.662,10,slow,逃げ1頭のみ → 単騎逃げ・スロー,0.85,0.20172893661307287,10
2026-06-10,大井,1,Ｃ３三 四,1600,ダ,右,重,曇,14,1.0,1,ウォーバックス,セン,8,56.0,,,岡村健,遠藤茂,,0.2274817494831024,8,0.4444444444444444,0.2194255359050832,0.2165700794498782,差し,6.65,0.665,10,slow,逃げ1頭のみ → 単騎逃げ・スロー,0.85,0.20110554476917228,11
2026-06-10,大井,1,Ｃ３三 四,1600,ダ,右,重,曇,14,,14,ブラントンアロー,牡,5,56.0,,,濱田達,須田和,,0.2174092436521121,6,0.375,0.2097097455399475,0.2125697260060517,差し,5.3,0.53,10,slow,逃げ1頭のみ → 単騎逃げ・スロー,0.85,0.19739084299396167,12
2026-06-10,大井,1,Ｃ３三 四,1600,ダ,右,重,曇,14,4.0,5,ゴルデューク,牡,4,,,,中島良,小野晋,,0.2176449953025173,9,0.4736842105263157,0.2099371481001451,0.2122258671451815,追い込み,7.49,0.749,10,slow,逃げ1頭のみ → 単騎逃げ・スロー,0.65,0.150701764297759,13
2026-06-10,大井,1,Ｃ３三 四,1600,ダ,右,重,曇,14,,4,ファルコンブラック,牝,4,54.0,,,鷹見陸,岡野尚,,3.687287497419277e-05,6,0.375,3.556703062974454e-05,0.1339419090650575,差し,5.97,0.597,10,slow,逃げ1頭のみ → 単騎逃げ・スロー,0.85,0.12437757172354622,14
2026-06-10,大井,2,Ｃ３三 四,1200,ダ,右,重,曇,14,4.0,5,アネラカイカマヒネ,牝,6,,,,杉山海,中道啓,,0.2812940185428312,1,0.0909090909090909,0.3238694078940066,0.2242478682501044,逃げ,1.09,0.109,10,slow,逃げ1頭のみ → 単騎逃げ・スロー,1.45,0.3377460155202918,1
2026-06-10,大井,2,Ｃ３三 四,1200,ダ,右,重,曇,14,8.0,13,ザゴート,牝,6,54.0,,,藤田凌,荒井朋,,0.2410001382990835,6,0.375,0.2774768283294058,0.2379823820520986,先行,2.11,0.211,10,slow,逃げ1頭のみ → 単騎逃げ・スロー,1.2,0.29663334015233056,2
2026-06-10,大井,2,Ｃ３三 四,1200,ダ,右,重,曇,14,5.0,7,ケルティックハーツ,牡,4,56.0,,,吉井章,中道啓,,0.2157591624114085,5,0.3333333333333333,0.2484154925862732,0.2256623070525673,先行,3.08,0.308,5,slow,逃げ1頭のみ → 単騎逃げ・スロー,1.2,0.2812769723131426,3
2026-06-10,大井,2,Ｃ３三 四,1200,ダ,右,重,曇,14,2.0,2,ナックグローリー,牡,4,56.0,,,高橋昭,立花伸,,0.1827320206476411,0,0.0,0.2103895121446234,0.2142857142857142,先行,3.5,0.35,4,slow,逃げ1頭のみ → 単騎逃げ・スロー,1.2,0.2670966086959497,4
2026-06-10,大井,2,Ｃ３三 四,1200,ダ,右,重,曇,14,3.0,3,ハナヒラク,牝,4,54.0,,,西啓太,荒井朋,,0.1535584893380039,4,0.2857142857142857,0.1768004071918254,0.2035756265446031,先行,2.1,0.21,4,slow,逃げ1頭のみ → 単騎逃げ・スロー,1.2,0.25374701082834444,5
2026-06-10,大井,2,Ｃ３三 四,1200,ダ,右,重,曇,14,,6,フェアリーマイア,牝,6,,,,高橋優,村上頼,,0.2416840500507085,9,0.4736842105263157,0.2782642538679862,0.2445913382983694,差し,7.14,0.714,10,slow,逃げ1頭のみ → 単騎逃げ・スロー,0.85,0.21595034778144145,6
2026-06-10,大井,2,Ｃ３三 四,1200,ダ,右,重,曇,14,7.0,11,カンタベリーバイク,牡,4,56.0,,,岡村健,遠藤茂,,0.2112993706606732,6,0.375,0.2432806869436807,0.2251588290324517,差し,5.73,0.573,6,slow,逃げ1頭のみ → 単騎逃げ・スロー,0.85,0.19879333329582677,7
2026-06-10,大井,2,Ｃ３三 四,1200,ダ,右,重,曇,14,,10,シルバーマック,牝,4,,,,中山遥,須田和,,0.2225251218109731,2,0.1666666666666666,0.2562055169740055,0.2212723480670961,差し,4.26,0.426,3,slow,逃げ1頭のみ → 単騎逃げ・スロー,0.85,0.19536194884062302,8
2026-06-10,大井,2,Ｃ３三 四,1200,ダ,右,重,曇,14,1.0,1,パンオショコラ,牝,5,,,,谷内貫,村上頼,,0.1755425259587038,7,0.4117647058823529,0.2021118480832786,0.2092729458494172,差し,6.19,0.619,10,slow,逃げ1頭のみ → 単騎逃げ・スロー,0.85,0.18476764447929628,9
2026-06-10,大井,2,Ｃ３三 四,1200,ダ,右,重,曇,14,,8,アンパオ,牝,5,54.0,,,達城龍,久保隆,,0.1481618051324083,9,0.4736842105263157,0.1705869052933091,0.1935862784472065,差し,6.31,0.631,10,slow,逃げ1頭のみ → 単騎逃げ・スロー,0.85,0.17091784380930347,10
2026-06-10,大井,2,Ｃ３三 四,1200,ダ,右,重,曇,14,6.0,9,イッツバッド,牝,8,,,,西優哉,市村誠,,0.2491756992981909,9,0.4736842105263157,0.2868898052341353,0.2486771257875979,追い込み,7.79,0.779,10,slow,逃げ1頭のみ → 単騎逃げ・スロー,0.65,0.16789706508859004,11
2026-06-10,大井,2,Ｃ３三 四,1200,ダ,右,重,曇,14,,14,バリアシオン,牝,4,54.0,,,東原悠,庄子昭,,0.1318153598251942,8,0.4444444444444444,0.1517663360176311,0.186499323944344,差し,4.81,0.481,10,slow,逃げ1頭のみ → 単騎逃げ・スロー,0.85,0.16466075269458258,12
2026-06-10,大井,2,Ｃ３三 四,1200,ダ,右,重,曇,14,,12,コーントップス,牝,5,54.0,,,石川駿,松浦裕,,0.1510550443404509,9,0.4736842105263157,0.1739180520914476,0.19516419008843,追い込み,8.37,0.837,9,slow,逃げ1頭のみ → 単騎逃げ・スロー,0.65,0.13176722475965372,13
2026-06-10,大井,2,Ｃ３三 四,1200,ダ,右,重,曇,14,,4,スターオブウーノ,牡,5,56.0,,,中村尚,庄子昭,,2.1667807178126e-05,9,0.4736842105263157,2.494734839188429e-05,0.1127937720522457,追い込み,9.39,0.939,10,slow,逃げ1頭のみ → 単騎逃げ・スロー,0.65,0.07615394149286871,14
2026-06-10,大井,3,３歳七 八 九,1600,ダ,右,重,曇,11,5.0,5,サカイワンパクオー,牡,3,56.0,,,和田譲,渡邉和,,0.5685873407724682,2,0.1666666666666666,0.9929503672498344,0.3927644551476996,逃げ,1.26,0.126,2,slow,逃げ1頭のみ → 単騎逃げ・スロー,1.45,0.5581838053893127,1
2026-06-10,大井,3,３歳七 八 九,1600,ダ,右,重,曇,11,4.0,4,ベガエメラルド,牝,3,54.0,,,石川駿,松浦裕,,0.1997813798664873,7,0.4117647058823529,0.348887462458455,0.3040873508518772,先行,3.87,0.387,7,slow,逃げ1頭のみ → 単騎逃げ・スロー,1.2,0.3576487022087847,2
2026-06-10,大井,3,３歳七 八 九,1600,ダ,右,重,曇,11,2.0,2,ミドルマン,牡,3,56.0,,,本田重,吉井竜,,0.1530096009050602,6,0.375,0.2672077419188063,0.2706574486740978,先行,2.96,0.296,8,slow,逃げ1頭のみ → 単騎逃げ・スロー,1.2,0.3183305224313123,3
2026-06-10,大井,3,３歳七 八 九,1600,ダ,右,重,曇,11,,11,アズキング,牡,3,56.0,,,藤本現,朝倉実,,0.2758228639494001,4,0.2857142857142857,0.481682222615744,0.3324286869811216,差し,6.9,0.69,5,slow,逃げ1頭のみ → 単騎逃げ・スロー,0.85,0.2769456016538636,4
2026-06-10,大井,3,３歳七 八 九,1600,ダ,右,重,曇,11,7.0,8,ボンヴィアッジョ,牝,3,54.0,,,矢野貴,阪本一,,0.1428376576045646,0,0.0,0.2494440069363327,0.2727272727272727,不明,,,0,slow,逃げ1頭のみ → 単騎逃げ・スロー,1.0,0.2673041010381777,5
2026-06-10,大井,3,３歳七 八 九,1600,ダ,右,重,曇,11,1.0,1,トビーンズ,牝,3,54.0,,,千田洋,大宮和,,0.1487920914151262,4,0.2857142857142857,0.2598425100597569,0.2690459119651253,差し,6.61,0.661,8,slow,逃げ1頭のみ → 単騎逃げ・スロー,0.85,0.2241415523983509,6
2026-06-10,大井,3,３歳七 八 九,1600,ダ,右,重,曇,11,,7,ジェイケイティアラ,牝,3,54.0,,,吉井章,吉井竜,,0.0908924839356513,6,0.375,0.158729747977753,0.2299782009462028,差し,5.97,0.597,6,slow,逃げ1頭のみ → 単騎逃げ・スロー,0.85,0.1915943290175083,7
2026-06-10,大井,3,３歳七 八 九,1600,ダ,右,重,曇,11,3.0,3,リップスキップ,牝,3,,,,谷内貫,嶋田幸,,9.750347142328946e-05,7,0.4117647058823529,0.0001702748211494,0.1604979206482808,先行,4.2,0.42,7,slow,逃げ1頭のみ → 単騎逃げ・スロー,1.2,0.18876771054849611,8
2026-06-10,大井,3,３歳七 八 九,1600,ダ,右,重,曇,11,,9,カチョカヴァロ,牡,3,,,,西優哉,市村誠,,0.069763195290172,7,0.4117647058823529,0.1218306941019613,0.210593387410968,差し,4.75,0.475,10,slow,逃げ1頭のみ → 単騎逃げ・スロー,0.85,0.17544488386517573,9
2026-06-10,大井,3,３歳七 八 九,1600,ダ,右,重,曇,11,6.0,6,オーシャンクロノス,牝,3,54.0,,,田中洸,荒井朋,,0.0181510833736567,5,0.3333333333333333,0.0316980762838811,0.1923842072461422,差し,5.3,0.53,10,slow,逃げ1頭のみ → 単騎逃げ・スロー,0.85,0.16027485626566934,10
2026-06-10,大井,3,３歳七 八 九,1600,ダ,右,重,曇,11,8.0,10,ビハインドヘッド,牡,3,,,,木澤奨,朝倉実,,0.0501371912071709,3,0.2307692307692307,0.0875568955763254,0.2299956472309002,追い込み,7.38,0.738,7,slow,逃げ1頭のみ → 単騎逃げ・スロー,0.65,0.1465244250130366,11
2026-06-10,大井,4,３歳七 八 九,1400,ダ,右,重,曇,14,4.0,5,ルカドリーマー,牝,3,54.0,,,本田重,朝倉実,,0.2139067523821222,2,0.1666666666666666,0.3387710329473147,0.235033267395981,先行,3.73,0.373,4,slow,逃げなし先行3頭 → スロー,1.2,0.31107004590048426,1
2026-06-10,大井,4,３歳七 八 九,1400,ダ,右,重,曇,14,3.0,3,フリホコマンドール,セン,3,56.0,,,吉原寛,渡邉和,,0.1608093033454201,7,0.4117647058823529,0.2546788878573949,0.2309181975211121,先行,3.55,0.355,7,slow,逃げなし先行3頭 → スロー,1.2,0.30562368935257267,2
2026-06-10,大井,4,３歳七 八 九,1400,ダ,右,重,曇,14,,4,ミラクルロマンス,牝,3,,,,杉山海,納谷和,,0.2758325324724091,9,0.4736842105263157,0.4368448910823703,0.319708482242025,差し,5.52,0.552,9,slow,逃げなし先行3頭 → スロー,0.85,0.299723429742214,3
2026-06-10,大井,4,３歳七 八 九,1400,ダ,右,重,曇,14,7.0,11,クレマチスノーブル,セン,3,56.0,,,和田譲,大宮和,,0.1626246158365069,3,0.2307692307692307,0.2575538568842213,0.2242706702699851,先行,3.74,0.374,5,slow,逃げなし先行3頭 → スロー,1.2,0.2968255875772656,4
2026-06-10,大井,4,３歳七 八 九,1400,ダ,右,重,曇,14,,10,ファンキーヤンキー,牡,3,56.0,,,石川倭,嶋田幸,,0.1887614980439696,9,0.4736842105263157,0.2989476814588983,0.2543887513677488,差し,5.81,0.581,10,slow,逃げなし先行3頭 → スロー,0.85,0.23848685062431724,5
2026-06-10,大井,4,３歳七 八 九,1400,ダ,右,重,曇,14,,8,ティーエンティー,牡,3,56.0,,,鷹見陸,的場直,,0.1174226149055976,0,0.0,0.1859659879828493,0.2142857142857142,不明,,,0,slow,逃げなし先行3頭 → スロー,1.0,0.23634195744997408,6
2026-06-10,大井,4,３歳七 八 九,1400,ダ,右,重,曇,14,,14,リュウノギフト,牡,3,56.0,,,藤本現,鷹見浩,,0.1712432541345744,9,0.4736842105263157,0.2712034727393571,0.2412467577637556,差し,6.6,0.66,10,slow,逃げなし先行3頭 → スロー,0.85,0.22616636613477148,7
2026-06-10,大井,4,３歳七 八 九,1400,ダ,右,重,曇,14,2.0,2,プレイバック,牡,3,56.0,,,菅原涼,井上弘,,0.1550706484471838,4,0.2857142857142857,0.2455903947361925,0.2232299087001366,差し,6.27,0.627,8,slow,逃げなし先行3頭 → スロー,0.85,0.20927575454815825,8
2026-06-10,大井,4,３歳七 八 九,1400,ダ,右,重,曇,14,5.0,7,トネタロウ,牡,3,56.0,,,藤田凌,朝倉実,,0.1256153555654866,5,0.3333333333333333,0.1989410959918848,0.2091708415211045,差し,7.12,0.712,6,slow,逃げなし先行3頭 → スロー,0.85,0.1960955229686728,9
2026-06-10,大井,4,３歳七 八 九,1400,ダ,右,重,曇,14,1.0,1,メガコウチャハイ,牝,3,54.0,,,達城龍,市村誠,,0.0955230270248394,6,0.375,0.1512829032982117,0.1906596601654008,差し,6.22,0.622,9,slow,逃げなし先行3頭 → スロー,0.85,0.17874147991794284,10
2026-06-10,大井,4,３歳七 八 九,1400,ダ,右,重,曇,14,8.0,13,マドモアゼルロゼ,牝,3,54.0,,,福原杏,阪本一,,4.323076702203192e-05,3,0.2307692307692307,6.846596208892039e-05,0.1648509646725699,差し,7.01,0.701,7,slow,逃げなし先行3頭 → スロー,0.85,0.1545460920569858,11
2026-06-10,大井,4,３歳七 八 九,1400,ダ,右,重,曇,14,,6,カンノンピョンタ,牡,3,56.0,,,町田直,渡部則,,0.0973539787411307,7,0.4117647058823529,0.1541826406711423,0.1895373898561846,追い込み,7.32,0.732,10,slow,逃げなし先行3頭 → スロー,0.65,0.1358801011099943,12
2026-06-10,大井,4,３歳七 八 九,1400,ダ,右,重,曇,14,6.0,9,ヤマジュンハッピ,牝,3,,,,谷内貫,小野晋,,0.0747987321616716,9,0.4736842105263157,0.1184611681275605,0.1688951397897467,追い込み,7.71,0.771,10,slow,逃げなし先行3頭 → スロー,0.65,0.12108159075647715,13
2026-06-10,大井,4,３歳七 八 九,1400,ダ,右,重,曇,14,,12,アースフレンドリー,牝,3,54.0,,,東原悠,佐々洋,,0.0552539846901557,9,0.4736842105263157,0.0875075202605133,0.1542328855369348,追い込み,9.25,0.925,10,slow,逃げなし先行3頭 → スロー,0.65,0.1105701629485695,14
2026-06-10,大井,5,３歳七 八 九,1200,ダ,右,重,曇,13,1.0,1,ジーティークィーン,牝,3,54.0,,,和田譲,中道啓,,0.218282855621801,5,0.3333333333333333,0.2620547997289881,0.2411977537558166,先行,2.38,0.238,5,medium,逃げなし先行4頭 → ミドル,1.15,0.2698622001089838,1
2026-06-10,大井,5,３歳七 八 九,1200,ダ,右,重,曇,13,5.0,6,サスケリアン,牝,3,,,,谷内貫,嶋田幸,,0.2227471075398207,2,0.1666666666666666,0.2674142616023629,0.2368767359080861,先行,3.61,0.361,2,medium,逃げなし先行4頭 → ミドル,1.15,0.26502766344792,2
2026-06-10,大井,5,３歳七 八 九,1200,ダ,右,重,曇,13,,7,ローゼンブルーム,牡,3,,,,杉山海,堀江仁,,0.2537683641246792,9,0.4736842105263157,0.3046561657295999,0.2657683052241424,差し,7.16,0.716,10,medium,逃げなし先行4頭 → ミドル,1.0,0.2585676238155137,3
2026-06-10,大井,5,３歳七 八 九,1200,ダ,右,重,曇,13,8.0,12,ケテンビート,牡,3,56.0,,,江里裕,上杉昌,,0.1819352531897939,6,0.375,0.2184184653553362,0.2261376937390203,先行,3.64,0.364,9,medium,逃げなし先行4頭 → ミドル,1.15,0.2530123710097442,4
2026-06-10,大井,5,３歳七 八 九,1200,ダ,右,重,曇,13,3.0,3,プルミエミッキー,牝,3,54.0,,,田中洸,橋本馬,,0.3091191270056975,2,0.1666666666666666,0.3711063367259119,0.2541587484286776,差し,4.48,0.448,2,medium,逃げなし先行4頭 → ミドル,1.0,0.24727261438380999,5
2026-06-10,大井,5,３歳七 八 九,1200,ダ,右,重,曇,13,6.0,8,インプライドオッズ,牡,3,56.0,,,笹川翼,福田真,,0.2793959515128387,1,0.0909090909090909,0.335422816007335,0.2402831930636038,差し,4.84,0.484,3,medium,逃げなし先行4頭 → ミドル,1.0,0.23377300096360967,6
2026-06-10,大井,5,３歳七 八 九,1200,ダ,右,重,曇,13,2.0,2,ハヤテノシンノスケ,牡,3,56.0,,,吉村智,高野毅,,0.2388518410629416,5,0.3333333333333333,0.2867484539559866,0.2494289718314827,追い込み,7.51,0.751,9,medium,逃げなし先行4頭 → ミドル,0.9,0.21840388699675187,7
2026-06-10,大井,5,３歳七 八 九,1200,ダ,右,重,曇,13,,9,ファジーエンジェル,牝,3,54.0,,,藤本現,佐々洋,,0.2163007961469276,9,0.4736842105263157,0.259675280745423,0.2444615702316376,追い込み,7.49,0.749,10,medium,逃げなし先行4頭 → ミドル,0.9,0.21405435290007513,8
2026-06-10,大井,5,３歳七 八 九,1200,ダ,右,重,曇,13,4.0,4,シジミノヒナコ,牝,3,,,,高橋優,吉井竜,,0.1668087768042123,6,0.375,0.2002586986226852,0.2193277812142762,差し,5.3,0.53,7,medium,逃げなし先行4頭 → ミドル,1.0,0.21338535149056073,9
2026-06-10,大井,5,３歳七 八 九,1200,ダ,右,重,曇,13,,13,エイシンシームレス,牝,3,54.0,,,高野誠,久保隆,,0.1579309425834196,9,0.4736842105263157,0.1896006051955592,0.2112683028659127,差し,4.86,0.486,10,medium,逃げなし先行4頭 → ミドル,1.0,0.20554423528232285,10
2026-06-10,大井,5,３歳七 八 九,1200,ダ,右,重,曇,13,,11,トキオゴリン,牡,3,,,,西優哉,朝倉実,,0.1537457866686156,8,0.4444444444444444,0.1845762060416982,0.2102389975569941,差し,6.23,0.623,10,medium,逃げなし先行4頭 → ミドル,1.0,0.204542817796956,11
2026-06-10,大井,5,３歳七 八 九,1200,ダ,右,重,曇,13,,5,ポルタロマーナ,牝,3,54.0,,,達城龍,高野毅,,2.7921602881559897e-05,3,0.2307692307692307,3.352068136728523e-05,0.1775225284412622,先行,2.76,0.276,3,medium,逃げなし先行4頭 → ミドル,1.15,0.19861967762174232,12
2026-06-10,大井,5,３歳七 八 九,1200,ダ,右,重,曇,13,7.0,10,ゴールデンルチル,牡,3,,,,中山遥,朝倉実,,0.0999846191082769,4,0.2857142857142857,0.1200343896077462,0.1991307047230923,差し,6.17,0.617,7,medium,逃げなし先行4頭 → ミドル,1.0,0.19373549116601516,13
2026-06-10,大井,6,万緑特別Ｃ２一選抜,2000,ダ,右,重,曇,10,5.0,5,ストロガノフ,牡,4,,,,中山遥,佐野謙,,0.6736195928604946,6,0.375,1.093648445134435,0.5976181669254131,先行,4.12,0.412,6,slow,逃げなし先行2頭 → スロー,1.2,0.7708640539834817,1
2026-06-10,大井,6,万緑特別Ｃ２一選抜,2000,ダ,右,重,曇,10,8.0,9,グレーターホープ,牡,6,56.0,,,本田重,月岡健,,0.3742258467469083,5,0.3333333333333333,0.6075706819718842,0.4025235606572948,先行,2.16,0.216,10,slow,逃げなし先行2頭 → スロー,1.2,0.5192127029680383,2
2026-06-10,大井,6,万緑特別Ｃ２一選抜,2000,ダ,右,重,曇,10,,10,グリスタン,牡,4,,,,西優哉,澤佳宏,,0.1739800819111059,9,0.4736842105263157,0.2824636457773696,0.2916933058945435,差し,5.54,0.554,10,slow,逃げなし先行2頭 → スロー,0.85,0.26651284526115165,3
2026-06-10,大井,6,万緑特別Ｃ２一選抜,2000,ダ,右,重,曇,10,1.0,1,セブンゴー,牡,8,56.0,,,岡村健,橋本馬,,0.1622233071860891,6,0.375,0.2633760501461166,0.2862660188047937,差し,6.24,0.624,10,slow,逃げなし先行2頭 → スロー,0.85,0.26155406939928366,4
2026-06-10,大井,6,万緑特別Ｃ２一選抜,2000,ダ,右,重,曇,10,6.0,6,ディサイデッド,牡,4,56.0,,,菅原涼,小野晋,,0.1311032911455891,9,0.4736842105263157,0.2128514550839003,0.2587191103029002,差し,5.36,0.536,10,slow,逃げなし先行2頭 → スロー,0.85,0.2363851511737743,5
2026-06-10,大井,6,万緑特別Ｃ２一選抜,2000,ダ,右,重,曇,10,3.0,3,ルトラセ,セン,6,56.0,,,江里裕,荒井朋,,0.1049455721300118,8,0.4444444444444444,0.1703833484064062,0.2423925992917361,差し,6.37,0.637,10,slow,逃げなし先行2頭 → スロー,0.85,0.2214680282407373,6
2026-06-10,大井,6,万緑特別Ｃ２一選抜,2000,ダ,右,重,曇,10,7.0,7,トウテイラン,牝,4,54.0,,,佐野遥,大宮和,,0.1046957039597177,9,0.4736842105263157,0.1699776774033252,0.2384104787699962,差し,7.11,0.711,10,slow,逃げなし先行2頭 → スロー,0.85,0.2178296647645271,7
2026-06-10,大井,6,万緑特別Ｃ２一選抜,2000,ダ,右,重,曇,10,,8,ミツカネマーズ,牡,6,56.0,,,千田洋,松浦裕,,0.081777345587915,6,0.375,0.132768802744677,0.2372883010292539,追い込み,8.19,0.819,10,slow,逃げなし先行2頭 → スロー,0.65,0.16579156876616818,8
2026-06-10,大井,6,万緑特別Ｃ２一選抜,2000,ダ,右,重,曇,10,2.0,2,ブレスト,牝,4,54.0,,,東原悠,佐々洋,,0.0403348351843922,9,0.4736842105263157,0.0654852237846054,0.1889140533716552,追い込み,8.34,0.834,10,slow,逃げなし先行2頭 → スロー,0.65,0.13199284218652246,9
2026-06-10,大井,6,万緑特別Ｃ２一選抜,2000,ダ,右,重,曇,10,4.0,4,ベアウェイトゥゴー,牝,5,54.0,,,遠藤健,佐々忠,,0.0009083049534444,9,0.4736842105263157,0.0014746695472799,0.1585932645223957,追い込み,9.07,0.907,10,slow,逃げなし先行2頭 → スロー,0.65,0.11080793282629768,10
2026-06-10,大井,7,Ｂ３六,1400,ダ,右,重,曇,11,5.0,5,レジェンドウェイ,セン,5,56.0,,,吉井章,鈴木啓,,0.2777144318063024,6,0.375,0.406700982561287,0.322967413915028,先行,3.45,0.345,10,medium,逃げなし先行4頭 → ミドル,1.15,0.35728465530316256,1
2026-06-10,大井,7,Ｂ３六,1400,ダ,右,重,曇,11,1.0,1,キタノライジン,牡,5,56.0,,,西啓太,福田真,,0.2602556327005847,4,0.2857142857142857,0.3811333132671399,0.3037004271672348,先行,3.86,0.386,10,medium,逃げなし先行4頭 → ミドル,1.15,0.3359704346656372,2
2026-06-10,大井,7,Ｂ３六,1400,ダ,右,重,曇,11,6.0,6,グレッチャー,牡,7,56.0,,,吉村智,高野毅,,0.2774464641912135,2,0.1666666666666666,0.4063085553775701,0.2949908198356556,先行,4.17,0.417,10,medium,逃げなし先行4頭 → ミドル,1.15,0.32633537886985997,3
2026-06-10,大井,7,Ｂ３六,1400,ダ,右,重,曇,11,,9,トーケンレナン,牡,5,56.0,,,千田洋,松浦裕,,0.1686696688408476,1,0.0909090909090909,0.2470095615834065,0.2703892989869212,先行,2.84,0.284,10,medium,逃げなし先行4頭 → ミドル,1.15,0.29911979761407975,4
2026-06-10,大井,7,Ｂ３六,1400,ダ,右,重,曇,11,4.0,4,ヴァンビー,セン,5,56.0,,,石川倭,上杉昌,,0.2408282296147479,9,0.4736842105263157,0.3526827071094635,0.3106008995398894,差し,4.61,0.461,10,medium,逃げなし先行4頭 → ミドル,1.0,0.2987861947560695,5
2026-06-10,大井,7,Ｂ３六,1400,ダ,右,重,曇,11,,11,バレル,牡,7,56.0,,,達城龍,堀江仁,,0.2315369787466654,7,0.4117647058823529,0.3390760650898361,0.3000473637000929,差し,5.13,0.513,7,medium,逃げなし先行4頭 → ミドル,1.0,0.288634096615125,6
2026-06-10,大井,7,Ｂ３六,1400,ダ,右,重,曇,11,8.0,10,ゴーゴーイーグルス,牝,4,54.0,,,矢野貴,橋本馬,,0.2367687603291022,3,0.2307692307692307,0.3467377868674323,0.2898066221442326,差し,5.22,0.522,9,medium,逃げなし先行4頭 → ミドル,1.0,0.27878289462089867,7
2026-06-10,大井,7,Ｂ３六,1400,ダ,右,重,曇,11,2.0,2,ビッティンキバラ,牡,5,56.0,,,藤田凌,佐野謙,,0.1796151500740925,4,0.2857142857142857,0.2630387536682875,0.2699591244247055,差し,6.99,0.699,10,medium,逃げなし先行4頭 → ミドル,1.0,0.2596903603499679,8
2026-06-10,大井,7,Ｂ３六,1400,ダ,右,重,曇,11,7.0,8,ヘクトプリンセス,牝,5,,,,谷内貫,嶋田幸,,0.1359323715376332,9,0.4736842105263157,0.1990671810127612,0.2378356503361883,追い込み,8.21,0.821,10,medium,逃げなし先行4頭 → ミドル,0.9,0.2059099253797966,9
2026-06-10,大井,7,Ｂ３六,1400,ダ,右,重,曇,11,3.0,3,シューボーイ,牡,4,56.0,,,和田譲,佐野謙,,0.0394142195312139,6,0.375,0.0577204494054212,0.1920997139815783,追い込み,9.3,0.93,10,medium,逃げなし先行4頭 → ミドル,0.9,0.16631332483382733,10
2026-06-10,大井,7,Ｂ３六,1400,ダ,右,重,曇,11,,7,ヴァルタリ,牡,5,56.0,,,福原杏,阪本一,,0.0003582514735575,5,0.3333333333333333,0.0005246440573945,0.1819930631706466,追い込み,7.71,0.771,10,medium,逃げなし先行4頭 → ミドル,0.9,0.15756333419374893,11
2026-06-10,大井,8,クォーター・デック賞Ｃ１六 七,1600,ダ,右,重,曇,12,7.0,9,トワイライト,牡,4,56.0,,,矢野貴,福永敏,,0.3415947236049352,5,0.3333333333333333,0.7337978592531025,0.4112659530843675,先行,2.98,0.298,10,medium,逃げなし先行4頭 → ミドル,1.15,0.44767202012639457,1
2026-06-10,大井,8,クォーター・デック賞Ｃ１六 七,1600,ダ,右,重,曇,12,1.0,1,スマイルケイ,牝,5,54.0,,,達城龍,納谷和,,0.2313235524431041,8,0.4444444444444444,0.4969184704793261,0.359741542435256,先行,3.05,0.305,10,medium,逃げなし先行4頭 → ミドル,1.15,0.39158656780990325,2
2026-06-10,大井,8,クォーター・デック賞Ｃ１六 七,1600,ダ,右,重,曇,12,8.0,11,クールブリーズ,牡,4,56.0,,,吉井章,的場直,,0.1730235673652108,3,0.2307692307692307,0.3716811606251998,0.2780802678365845,先行,4.2,0.42,9,medium,逃げなし先行4頭 → ミドル,1.15,0.3026964773671768,3
2026-06-10,大井,8,クォーター・デック賞Ｃ１六 七,1600,ダ,右,重,曇,12,,12,アンモニャイト,牝,4,54.0,,,和田譲,鷹見浩,,0.1476425612841297,9,0.4736842105263157,0.3171588666874073,0.2818120947466667,差し,4.71,0.471,10,medium,逃げなし先行4頭 → ミドル,1.0,0.2667466546945866,4
2026-06-10,大井,8,クォーター・デック賞Ｃ１六 七,1600,ダ,右,重,曇,12,,8,テイオームサシ,牡,4,56.0,,,鷹見陸,的場直,,0.0776672685372073,6,0.375,0.1668412052305342,0.2188154519614503,先行,3.85,0.385,6,medium,逃げなし先行4頭 → ミドル,1.15,0.23818542400556408,5
2026-06-10,大井,8,クォーター・デック賞Ｃ１六 七,1600,ダ,右,重,曇,12,4.0,4,ジューンバタフライ,牝,5,54.0,,,千田洋,松浦裕,,0.1165679946824771,6,0.375,0.2504059314872653,0.2501522243077245,差し,4.38,0.438,10,medium,逃げなし先行4頭 → ミドル,1.0,0.23677929458094918,6
2026-06-10,大井,8,クォーター・デック賞Ｃ１六 七,1600,ダ,右,重,曇,12,3.0,3,サラニキケン,牝,4,,,,高橋優,栗田裕,,0.1354886924070402,0,0.0,0.2910504922092181,0.25,不明,,,0,medium,逃げなし先行4頭 → ミドル,1.0,0.23663520805802968,7
2026-06-10,大井,8,クォーター・デック賞Ｃ１六 七,1600,ダ,右,重,曇,12,5.0,5,マイネルイージス,牡,7,56.0,,,菅原涼,小野晋,,0.0964882024531979,9,0.4736842105263157,0.2072714579901482,0.2297601643111228,追い込み,7.46,0.746,10,medium,逃げなし先行4頭 → ミドル,0.9,0.19572963942675467,8
2026-06-10,大井,8,クォーター・デック賞Ｃ１六 七,1600,ダ,右,重,曇,12,2.0,2,レジーナチェリ,牡,5,56.0,,,笹川翼,藤田輝,,0.0268155517974261,4,0.2857142857142857,0.0576039181635581,0.1950296909038737,差し,5.94,0.594,9,medium,逃げなし先行4頭 → ミドル,1.0,0.1846035659381255,9
2026-06-10,大井,8,クォーター・デック賞Ｃ１六 七,1600,ダ,右,重,曇,12,,6,サウンドロックス,牡,5,56.0,,,吉村智,高野毅,,0.0210565898298728,5,0.3333333333333333,0.0452327845619805,0.1817442615206602,差し,4.36,0.436,10,medium,逃げなし先行4頭 → ミドル,1.0,0.17202836455317752,10
2026-06-10,大井,8,クォーター・デック賞Ｃ１六 七,1600,ダ,右,重,曇,12,6.0,7,スピリチュアル,牝,6,54.0,,,藤田凌,月岡健,,0.0288504028648131,7,0.4117647058823529,0.0619750903567049,0.1725779783821726,差し,5.29,0.529,10,medium,逃げなし先行4頭 → ミドル,1.0,0.16335210328279823,11
2026-06-10,大井,8,クォーター・デック賞Ｃ１六 七,1600,ダ,右,重,曇,12,,10,カレンマウラー,牡,5,56.0,,,櫻井光,堀江仁,,2.921716680580185e-05,9,0.4736842105263157,6.276295555529026e-05,0.1316086771894735,差し,6.93,0.693,10,medium,逃げなし先行4頭 → ミドル,1.0,0.1245729868358925,12
2026-06-10,大井,9,Ｃ１六 七,1200,ダ,右,重,曇,14,,10,アルマヴィーナス,牝,4,54.0,,,矢野貴,中道啓,,0.8072440350925025,6,0.375,1.1651251840243264,0.5708505154376938,先行,2.41,0.241,6,high,逃げ2頭競合 → ハイ,0.85,0.4555903630552071,1
2026-06-10,大井,9,Ｃ１六 七,1200,ダ,右,重,曇,14,8.0,13,アルピニスト,牝,5,,,,谷内貫,米田英,,0.0901987019748238,0,0.0,0.1301871239285519,0.2142857142857142,追い込み,8.85,0.885,10,high,逃げ2頭競合 → ハイ,1.4,0.2816789936715358,2
2026-06-10,大井,9,Ｃ１六 七,1200,ダ,右,重,曇,14,1.0,1,ヤンノカステップ,牝,6,54.0,,,岡村健,鷹見浩,,0.1219839844414645,8,0.4444444444444444,0.1760639981738552,0.1972982849026658,追い込み,8.5,0.85,10,high,逃げ2頭競合 → ハイ,1.4,0.2593489842743469,3
2026-06-10,大井,9,Ｃ１六 七,1200,ダ,右,重,曇,14,,14,パワーキングダム,牡,5,56.0,,,達城龍,鈴木啓,,0.1191292219907641,4,0.2857142857142857,0.1719436139020322,0.202187971318948,差し,4.44,0.444,10,high,逃げ2頭競合 → ハイ,1.25,0.23730043455671107,4
2026-06-10,大井,9,Ｃ１六 七,1200,ダ,右,重,曇,14,5.0,7,アシャニンカ,牝,5,54.0,,,笹川翼,米田英,,0.0966537863085232,3,0.2307692307692307,0.1395039859866683,0.1970283923705498,差し,4.58,0.458,10,high,逃げ2頭競合 → ハイ,1.25,0.23124483036523755,5
2026-06-10,大井,9,Ｃ１六 七,1200,ダ,右,重,曇,14,,6,ガストフロント,牡,4,,,,杉山海,月岡健,,0.0461088597392698,5,0.3333333333333333,0.0665506232978389,0.1650406839564225,追い込み,8.58,0.858,5,high,逃げ2頭競合 → ハイ,1.4,0.21694630426796646,6
2026-06-10,大井,9,Ｃ１六 七,1200,ダ,右,重,曇,14,,12,サンサンラルーナ,牝,4,54.0,,,石川駿,佐々洋,,0.0915545361966736,7,0.4117647058823529,0.1321440496270592,0.1804626758968563,差し,5.14,0.514,10,high,逃げ2頭競合 → ハイ,1.25,0.21180227059124598,7
2026-06-10,大井,9,Ｃ１六 七,1200,ダ,右,重,曇,14,7.0,11,サウンドキングダム,牡,7,56.0,,,安藤洋,鈴木啓,,0.2310613238225839,7,0.4117647058823529,0.3334993579839126,0.2633736852202665,先行,3.38,0.338,10,high,逃げ2頭競合 → ハイ,0.85,0.21019603140182425,8
2026-06-10,大井,9,Ｃ１六 七,1200,ダ,右,重,曇,14,3.0,3,フレンドリーシップ,牝,4,54.0,,,吉井章,嶋田幸,,5.86848108344151e-05,2,0.1666666666666666,8.470195882592744e-05,0.1785855455645662,差し,6.29,0.629,10,high,逃げ2頭競合 → ハイ,1.25,0.20959915316212185,9
2026-06-10,大井,9,Ｃ１六 七,1200,ダ,右,重,曇,14,4.0,5,ドピエッタ,牝,4,54.0,,,藤本現,須田和,,0.0031217049387619,3,0.2307692307692307,0.0045056722417625,0.1658749353524946,差し,6.26,0.626,10,high,逃げ2頭競合 → ハイ,1.25,0.19468118693925737,10
2026-06-10,大井,9,Ｃ１六 七,1200,ダ,右,重,曇,14,2.0,2,カヴァス,セン,9,,,,西優哉,朝倉実,,0.0536964204769755,9,0.4736842105263157,0.0775020304516893,0.149493442995913,差し,6.1,0.61,10,high,逃げ2頭競合 → ハイ,1.25,0.17545484409825793,11
2026-06-10,大井,9,Ｃ１六 七,1200,ダ,右,重,曇,14,,4,ピエールオレゴン,牡,6,56.0,,,藤田凌,中道啓,,0.2429668841856491,1,0.0909090909090909,0.3506830937638114,0.2266854760564503,逃げ,0.85,0.085,3,high,逃げ2頭競合 → ハイ,0.65,0.138347163013657,12
2026-06-10,大井,9,Ｃ１六 七,1200,ダ,右,重,曇,14,6.0,9,リュウジンオー,牡,4,56.0,,,和田譲,栗田裕,,0.1474795874570438,1,0.0909090909090909,0.2128627453481641,0.2141563534732097,逃げ,1.0,0.1,1,high,逃げ2頭競合 → ハイ,0.65,0.13070058329184883,13
2026-06-10,大井,9,Ｃ１六 七,1200,ダ,右,重,曇,14,,8,マドモアゼルレンヌ,牝,5,54.0,,,佐野遥,阪本一,,0.0272589279610864,8,0.4444444444444444,0.0393438193115013,0.1365337609638418,先行,2.46,0.246,10,high,逃げ2頭競合 → ハイ,0.85,0.10896629510637416,14
2026-06-10,大井,10,リキラリアット賞Ｂ３四選抜特別,1200,ダ,右,重,曇,14,2.0,2,サヨノホーチュラス,牡,3,54.0,,,西啓太,坂井英,,0.872647454854709,3,0.2307692307692307,0.9840240724352232,0.3919176430894471,先行,2.68,0.268,4,high,逃げ2頭競合 → ハイ,0.85,0.3531526833567554,1
2026-06-10,大井,10,リキラリアット賞Ｂ３四選抜特別,1200,ダ,右,重,曇,14,8.0,13,ノーブルジーク,牡,4,,,,中山遥,佐野謙,,0.1220835930208155,2,0.1666666666666666,0.1376652091443603,0.2015156300954886,追い込み,7.7,0.77,10,high,逃げ2頭競合 → ハイ,1.4,0.299078740186268,2
2026-06-10,大井,10,リキラリアット賞Ｂ３四選抜特別,1200,ダ,右,重,曇,14,,4,グラシアレス,牡,3,54.0,,,吉原寛,須田和,,0.150008841366293,2,0.1666666666666666,0.1691545768699064,0.2067638580497463,差し,6.07,0.607,2,high,逃げ2頭競合 → ハイ,1.25,0.27398917851517496,3
2026-06-10,大井,10,リキラリアット賞Ｂ３四選抜特別,1200,ダ,右,重,曇,14,5.0,7,レディメローラ,牝,6,,,,杉山海,米田英,,1.1186282146274647e-05,2,0.1666666666666666,1.2613995321649463e-05,0.1785735309039821,追い込み,7.99,0.799,2,high,逃げ2頭競合 → ハイ,1.4,0.26502930134039376,4
2026-06-10,大井,10,リキラリアット賞Ｂ３四選抜特別,1200,ダ,右,重,曇,14,3.0,3,サブノコイゴコロ,牝,5,,,,高橋優,鷹見浩,,0.1315948103473645,7,0.4117647058823529,0.1483903499276397,0.1871523289618012,差し,4.66,0.466,10,high,逃げ2頭競合 → ハイ,1.25,0.24800133520969875,5
2026-06-10,大井,10,リキラリアット賞Ｂ３四選抜特別,1200,ダ,右,重,曇,14,,10,ジャスミンツー,牝,4,54.0,,,本橋孝,米田英,,0.2495286141244437,4,0.2857142857142857,0.2813761292648633,0.2334544042797568,先行,3.48,0.348,10,high,逃げ2頭競合 → ハイ,0.85,0.2103631994286936,6
2026-06-10,大井,10,リキラリアット賞Ｂ３四選抜特別,1200,ダ,右,重,曇,14,,12,ベイビーゲート,牡,4,56.0,,,御神訓,田中人,,0.1939830480140585,3,0.2307692307692307,0.2187412429020061,0.2153139131971662,先行,2.22,0.222,8,high,逃げ2頭競合 → ハイ,0.85,0.19401700216968415,7
2026-06-10,大井,10,リキラリアット賞Ｂ３四選抜特別,1200,ダ,右,重,曇,14,,6,ハッピーゲート,牝,4,54.0,,,町田直,真島大,,0.1415219203060587,3,0.2307692307692307,0.1595844640165796,0.2016623488389908,先行,2.21,0.221,10,high,逃げ2頭競合 → ハイ,0.85,0.1817157274755853,8
2026-06-10,大井,10,リキラリアット賞Ｂ３四選抜特別,1200,ダ,右,重,曇,14,4.0,5,ゴールドカグヤヒメ,牝,3,52.0,,,鷹見陸,上杉昌,,0.1204370919416087,3,0.2307692307692307,0.1358085639571011,0.1961756026714189,先行,3.15,0.315,8,high,逃げ2頭競合 → ハイ,0.85,0.1767716807705147,9
2026-06-10,大井,10,リキラリアット賞Ｂ３四選抜特別,1200,ダ,右,重,曇,14,7.0,11,カガヤキトップ,牝,4,54.0,,,高橋昭,立花伸,,0.1411518360968355,5,0.3333333333333333,0.1591671456955578,0.1959128580889955,先行,2.48,0.248,10,high,逃げ2頭競合 → ハイ,0.85,0.17653492451328467,10
2026-06-10,大井,10,リキラリアット賞Ｂ３四選抜特別,1200,ダ,右,重,曇,14,6.0,9,フェスティヴルディ,牡,5,56.0,,,本田重,堀千亜,,0.1370196193793871,5,0.3333333333333333,0.1545075312087827,0.1943596532600704,先行,3.54,0.354,10,high,逃げ2頭競合 → ハイ,0.85,0.17513534870237285,11
2026-06-10,大井,10,リキラリアット賞Ｂ３四選抜特別,1200,ダ,右,重,曇,14,1.0,1,ラブミーモンロー,牝,3,52.0,,,笹川翼,荒山勝,,0.275820803247332,5,0.3333333333333333,0.3110240092535228,0.2465318126083171,逃げ,1.58,0.158,7,high,逃げ2頭競合 → ハイ,0.65,0.1698772005649187,12
2026-06-10,大井,10,リキラリアット賞Ｂ３四選抜特別,1200,ダ,右,重,曇,14,,14,アンフォラ,牝,6,54.0,,,菅原涼,堀千亜,,0.0437104176585167,4,0.2857142857142857,0.0492892094658539,0.1671438557657542,先行,3.3,0.33,10,high,逃げ2頭競合 → ハイ,0.85,0.1506114925191026,13
2026-06-10,大井,10,リキラリアット賞Ｂ３四選抜特別,1200,ダ,右,重,曇,14,,8,ティーズエナジー,牝,5,,,,谷内貫,嶋田幸,,0.0809262116972261,3,0.2307692307692307,0.0912548818632811,0.1858939837266912,逃げ,1.04,0.104,10,high,逃げ2頭競合 → ハイ,0.65,0.12809360878517909,14
2026-06-10,大井,11,東京ダービーJpnＩ,2000,ダ,右,重,曇,16,2.0,3,シーテープ,牡,3,57.0,,,本田重,佐野謙,,0.4874914565511277,2,0.1666666666666666,0.4413250454231681,0.2298041742371946,差し,4.44,0.444,2,high,逃げ2頭競合 → ハイ,1.25,0.26723956365660523,1
2026-06-10,大井,11,東京ダービーJpnＩ,2000,ダ,右,重,曇,16,7.0,13,コンヨバンコク,牡,3,57.0,,,岡村健,齊藤敏,,0.1438957591534097,0,0.0,0.1302685443840583,0.1875,追い込み,7.78,0.778,2,high,逃げ2頭競合 → ハイ,1.4,0.2442092644930025,2
2026-06-10,大井,11,東京ダービーJpnＩ,2000,ダ,右,重,曇,16,,14,ロードルーチェ,牡,3,57.0,,,藤本現,鈴木啓,,0.2487197472018259,4,0.2857142857142857,0.2251654921463685,0.1982615691846767,差し,6.03,0.603,5,high,逃げ2頭競合 → ハイ,1.25,0.23055862851342113,3
2026-06-10,大井,11,東京ダービーJpnＩ,2000,ダ,右,重,曇,16,8.0,15,モエレサワンミヤギ,牡,3,57.0,,,本橋孝,森泰斗,,0.1683824225010432,1,0.0909090909090909,0.1524362719799629,0.1843123883618148,差し,6.36,0.636,1,high,逃げ2頭競合 → ハイ,1.25,0.21433710856565444,4
2026-06-10,大井,11,東京ダービーJpnＩ,2000,ダ,右,重,曇,16,4.0,7,エンドレスソロウ,牡,3,57.0,,,石川倭,坂井英,,0.1726352396745211,2,0.1666666666666666,0.1562863389032685,0.1822977231505447,差し,5.6,0.56,2,high,逃げ2頭競合 → ハイ,1.25,0.2119942518540168,5
2026-06-10,大井,11,東京ダービーJpnＩ,2000,ダ,右,重,曇,16,,16,デンテブリランテ,牡,3,57.0,,,藤田凌,阪本一,,0.1815556670075326,3,0.2307692307692307,0.1643619840146459,0.1821604578495336,差し,4.87,0.487,9,high,逃げ2頭競合 → ハイ,1.25,0.21183462586258664,6
2026-06-10,大井,11,東京ダービーJpnＩ,2000,ダ,右,重,曇,16,,6,ロウリュ,牡,3,57.0,,,吉原寛,森下淳,,0.1722331933412448,3,0.2307692307692307,0.1559223671578954,0.1802128539595143,差し,4.89,0.489,9,high,逃げ2頭競合 → ハイ,1.25,0.2095697548458946,7
2026-06-10,大井,11,東京ダービーJpnＩ,2000,ダ,右,重,曇,16,,2,モコパンチ,牡,3,57.0,,,秋元耕,矢野義,,4.367343610124802e-05,2,0.1666666666666666,3.95374747847456e-05,0.1562565895791308,追い込み,7.44,0.744,4,high,逃げ2頭競合 → ハイ,1.4,0.20351630300429066,8
2026-06-10,大井,11,東京ダービーJpnＩ,2000,ダ,右,重,曇,16,,10,シルバーレシオ,牡,3,57.0,,,岩田望,野中賢,,0.1474070494910578,0,0.0,0.1334473085386542,0.1875,不明,,,0,high,逃げ2頭競合 → ハイ,1.0,0.17443518892357324,9
2026-06-10,大井,11,東京ダービーJpnＩ,2000,ダ,右,重,曇,16,6.0,11,フォースメン,牡,3,57.0,,,笹川翼,菅原勲,,0.1489926517619172,0,0.0,0.1348827511188396,0.1875,不明,,,0,high,逃げ2頭競合 → ハイ,1.0,0.17443518892357324,10
2026-06-10,大井,11,東京ダービーJpnＩ,2000,ダ,右,重,曇,16,5.0,9,ゴッドフェンサー,牡,3,57.0,,,吉村智,盛本信,,0.1509455308395242,0,0.0,0.1366506886612291,0.1875,不明,,,0,high,逃げ2頭競合 → ハイ,1.0,0.17443518892357324,11
2026-06-10,大井,11,東京ダービーJpnＩ,2000,ダ,右,重,曇,16,,8,ミルトイブニング,牡,3,57.0,,,廣瀬航,保利平,,0.1506515465805213,0,0.0,0.1363845452966335,0.1875,不明,,,0,high,逃げ2頭競合 → ハイ,1.0,0.17443518892357324,12
2026-06-10,大井,11,東京ダービーJpnＩ,2000,ダ,右,重,曇,16,1.0,1,サンラザール,牡,3,57.0,,,矢野貴,藤田輝,,0.3099352186621033,2,0.1666666666666666,0.2805837366299499,0.2030139561049916,先行,2.03,0.203,2,high,逃げ2頭競合 → ハイ,0.85,0.16053792596907615,13
2026-06-10,大井,11,東京ダービーJpnＩ,2000,ダ,右,重,曇,16,,12,フィンガー,牡,3,57.0,,,戸崎圭,田中博,,0.2871406465138211,2,0.1666666666666666,0.259947855829263,0.1995746426382105,先行,2.3,0.23,2,high,逃げ2頭競合 → ハイ,0.85,0.1578182102347106,14
2026-06-10,大井,11,東京ダービーJpnＩ,2000,ダ,右,重,曇,16,,4,ロックターミガン,牡,3,57.0,,,西村淳,石坂公,,0.2804640943626129,2,0.1666666666666666,0.2539035864542712,0.1985672644090452,逃げ,1.03,0.103,2,high,逃げ2頭競合 → ハイ,0.65,0.12007534337492694,15
2026-06-10,大井,11,東京ダービーJpnＩ,2000,ダ,右,重,曇,16,3.0,5,リアライズグリント,牡,3,57.0,,,坂井瑠,矢作芳,,0.263332011557928,2,0.1666666666666666,0.2383939459870068,0.1959823243311678,逃げ,0.67,0.067,2,high,逃げ2頭競合 → ハイ,0.65,0.11851220773734597,16
2026-06-10,大井,12,ＢＳイレブン賞Ｂ３二選抜特別,1600,ダ,右,重,曇,13,4.0,4,コスモマガラニカ,牡,4,56.0,,,吉井章,的場直,,0.8845416637169806,4,0.2857142857142857,0.9209895474602084,0.4279750355380815,先行,2.55,0.255,5,slow,逃げ1頭のみ → 単騎逃げ・スロー,1.2,0.49585966594190095,1
2026-06-10,大井,12,ＢＳイレブン賞Ｂ３二選抜特別,1600,ダ,右,重,曇,13,8.0,12,セキトバシューズ,牝,4,54.0,,,藤田凌,荒山勝,,0.7844387794985382,3,0.2307692307692307,0.8167618849119087,0.3659983048021564,差し,5.13,0.513,6,slow,逃げ1頭のみ → 単騎逃げ・スロー,0.85,0.3003703774983353,2
2026-06-10,大井,12,ＢＳイレブン賞Ｂ３二選抜特別,1600,ダ,右,重,曇,13,1.0,1,メイショウタビズキ,牡,4,56.0,,,福原杏,阪本一,,0.2562795238434506,8,0.4444444444444444,0.2668396214329346,0.2468005155086547,先行,3.17,0.317,8,slow,逃げ1頭のみ → 単騎逃げ・スロー,1.2,0.28594756939630217,3
2026-06-10,大井,12,ＢＳイレブン賞Ｂ３二選抜特別,1600,ダ,右,重,曇,13,2.0,2,トランジェント,牝,5,54.0,,,澤田龍,田中人,,0.0975783592240833,6,0.375,0.1015991135183573,0.1823304368001532,逃げ,1.5,0.15,10,slow,逃げ1頭のみ → 単騎逃げ・スロー,1.45,0.25526206332959517,4
2026-06-10,大井,12,ＢＳイレブン賞Ｂ３二選抜特別,1600,ダ,右,重,曇,13,,9,ネポティズムベビー,牝,4,54.0,,,矢野貴,須田和,,0.1561913125735027,3,0.2307692307692307,0.1626272364376867,0.215044155154259,先行,2.75,0.275,4,slow,逃げ1頭のみ → 単騎逃げ・スロー,1.2,0.2491540722778,5
2026-06-10,大井,12,ＢＳイレブン賞Ｂ３二選抜特別,1600,ダ,右,重,曇,13,6.0,8,ハーレムシャフル,牡,4,56.0,,,本田重,大宮和,,0.1753319747126059,8,0.4444444444444444,0.1825565970146711,0.209341393544982,先行,3.97,0.397,10,slow,逃げ1頭のみ → 単騎逃げ・スロー,1.2,0.24254674887874444,6
2026-06-10,大井,12,ＢＳイレブン賞Ｂ３二選抜特別,1600,ダ,右,重,曇,13,5.0,6,マムティプリンス,牡,4,56.0,,,石川倭,荒井朋,,0.0591471015163582,5,0.3333333333333333,0.061584280869514,0.1743742474693252,先行,2.92,0.292,10,slow,逃げ1頭のみ → 単騎逃げ・スロー,1.2,0.20203317698262388,7
2026-06-10,大井,12,ＢＳイレブン賞Ｂ３二選抜特別,1600,ダ,右,重,曇,13,,11,アウトビアンキ,牡,6,56.0,,,藤本現,高橋清,,0.1895336895834466,5,0.3333333333333333,0.1973434990777033,0.2196273202053883,差し,4.97,0.497,10,slow,逃げ1頭のみ → 単騎逃げ・スロー,0.85,0.1802454825977969,8
2026-06-10,大井,12,ＢＳイレブン賞Ｂ３二選抜特別,1600,ダ,右,重,曇,13,,5,リアルモハメド,セン,5,,,,中山遥,福永敏,,0.0271869481304845,3,0.2307692307692307,0.0283071969163123,0.1840472229570188,差し,6.13,0.613,10,slow,逃げ1頭のみ → 単騎逃げ・スロー,0.85,0.1510453275651191,9
2026-06-10,大井,12,ＢＳイレブン賞Ｂ３二選抜特別,1600,ダ,右,重,曇,13,,13,ユーヒナタ,牝,6,,,,杉山海,村上頼,,0.075542177411978,6,0.375,0.0786549222525682,0.1737263650754823,差し,5.66,0.566,10,slow,逃げ1頭のみ → 単騎逃げ・スロー,0.85,0.14257512445950757,10
2026-06-10,大井,12,ＢＳイレブン賞Ｂ３二選抜特別,1600,ダ,右,重,曇,13,3.0,3,サトノエンパイア,牡,5,56.0,,,和田譲,赤嶺亮,,0.0941376906634599,8,0.4444444444444444,0.0980166708697056,0.1717680930361085,差し,4.96,0.496,10,slow,逃げ1頭のみ → 単騎逃げ・スロー,0.85,0.14096799430618864,11
2026-06-10,大井,12,ＢＳイレブン賞Ｂ３二選抜特別,1600,ダ,右,重,曇,13,,7,レペンテ,牝,4,54.0,,,吉原寛,栗田泰,,0.0813515870131346,8,0.4444444444444444,0.0847037108388479,0.1658512219112828,差し,5.71,0.571,10,slow,逃げ1頭のみ → 単騎逃げ・スロー,0.85,0.13611208981140252,12
2026-06-10,大井,12,ＢＳイレブン賞Ｂ３二選抜特別,1600,ダ,右,重,曇,13,7.0,10,イチニチショチョウ,牡,5,56.0,,,菅原涼,嶋田幸,,1.5096348655493732e-05,9,0.4736842105263157,1.5718399581201986e-05,0.1214649354362388,追い込み,7.33,0.733,10,slow,逃げ1頭のみ → 単騎逃げ・スロー,0.65,0.0762295543938151,13
